Description,Label
ĐOÀN THIÊN ÂN  NÀNG HẬU  ĐẮT SHOW  ĐIỆN ẢNH NHẤT NĂM NAY Ra khỏi chuyện tình từ vũ trụ Công Tử Bạc Liêu chưa bao lâu thì cô nàng tiếp tục vướng vào tình tay 3 mới đầy thú vị trong Nụ Hôn Bạc Tỷ vào Tết 2025 Cùng đón chờ để gặp gỡ Đoàn Thiên Ân trên màn ảnh rộng trong 2 mùa lễ sắp tới đây nha !… Xem thêm,phim
"[Có thể bạn chưa biết]Trên set quay Võ Sĩ Giác Đấu II đã từng có đén 80 chiếc lều chỉ để dùng cho việc hóa trang và makeup, với hơn 2000 bộ trang phục, và số lượng diễn viên lên đến 1000 người Bộ phim còn dựng lại cả một đại hý trường La Mã với kích thước bằng 60% kích thước thật Một câu chuyện bi tráng như vậy mà xem ở định dạng IMAX rồi thì còn gì bằng Set kèo liền nè  https://bitly/CGVGLADIATORIIVÕ SĨ GIÁC ĐẤU II | Đang Chiếu Tại Rạp#VoSiGiacDauII #GladiatorII",phim
CỘNG ĐỒNG MẠNG XÔN XAO VỚI NỤ HÔN BẠC TỶ Bộ 3 visual hẹn chuyến Tết này ì đùng ngoài rạp nha mấy bà  Đặc biệt còn phải hóng lựa chọn của Thiên Ân khi đứng giữa 2 chàng này nè #NuHonBacTy #PhimNuHonBacTy #nhbt #ThuTrangEntertainment #VPictures #CGV #TetNguyenDan  #PhimTet2025,phim
TRAPEZIUM  Giấc mơ thần tượng bắt đầu!  Chuẩn bị tâm hồn đẹp để đón nhận một câu chuyện vừa dễ thương vừa cảm động nha!  Phim khởi chiếu chính thức vào: 06122024#Trapezium #COMINGSOON #CGVVietnam,phim
Lẹ đi Đại đi Còn có bao lâu đâu… … Xem thêm,phim
GIA ĐÌNH ÔNG TRẦN ĐẮC LỊNH HÂN HOAN KÍNH MỜI BÀ CON ĐẾN VỚI XỨ SỞ BẠC LIÊU TRÙ PHÚ! Chiêm ngưỡng những pha đấu khẩu nảy lửa giữa ông Lịnh và  cậu Ba để thấy gia đình siêu giàu Bạc Liêu cũng cãi nhau um sùm y chang gia đình mìnhNhưng bù lại bà Lịnh và cô Sáu sẽ là hai nhân tố gánh độ đáng yêu của bộ phim … Xem thêm,phim
"Thứ tư vui vẻ  Xem phim giá rẻ cùng CGV & VNPAYQR!  Hòa mình vào thế giới điện ảnh mãn nhãn tại CGV với chương trình Thứ Tư vui vẻ  Mua vé xem phim giá cực kỳ ưu đãi, tận hưởng loạt phim bom tấn với mức giá không thể tốt hơn!  Giá vé từ chỉ 55000đ, thêm giảm 50% tối đa 15000đ khi mua vé xem phim tại website, ứng dụng hoặc rạp CGV và chọn thanh toán VNPAYQR Nhanh tay lựa ngay bộ phim yêu thích và tận hưởng phút giây giải trí bất tận với CGV và VNPAYQR nhé:  … Xem thêm",phim
"Thoắt ẩn thoắt hiện trong chính căn nhà mình, Gia Cường làm Mỹ Kim và cả gia tộc Dương Phúc được vài pha hú vía…ĐẶT VÉ NGAY: https://bitly/CGVLINHMIEUPhim có mã T18  Phim được phổ biến đến người xem từ đủ 18 tuổi trở lên (18+)#LinhMieu #PhimLinhMieu #CGV #NowShowing",phim
"Với sự đầu tư khủng cả về  vật chất  lẫn công sức, bộ phim Công Tử Bạc Liêu sẽ mang đến một Sài Gòn hoa lệ trên màn ảnh rộng với những dãy phố sầm uất, biệt thự phong cách Indochine độc đáo Vé đã mở bán, đang chờ khách đến ghé thăm Hí trường NamKin rồi đâyyyyy!Công Tử Bạc Liêu  Khởi chiếu tại rạp 06122024… Xem thêm",phim
"Không chỉ có giai thoại về Công Tử Bạc Liêu, ở đây chúng tôi còn có những pha kèn cựa khoe giàu chiến không kém từ ông Hội đồng Lịnh và ông Bá Hộ Kim Ai chưa giàu thì học hỏi hai bác để mốt giàu đỡ bỡ ngỡ nha! Công Tử Bạc Liêu  Khởi chiếu tại rạp 06122024… Xem thêm",phim
"Hẹn Tết Dương Lịch 2025: Một nhóm nhạc cực choáy, âm nhạc vượt mức pickleball sẽ xuất hiện HẸN 6/12 TUNG POSTER NHA TRẺ TRÂU KHÔNG ĐÙA ĐƯỢC ĐÂU | Dự Kiến Khởi Chiếu: 112025#TreTrauKhongDuaDuocDau",phim
"Người ơi, bạn ơi, Công Tử Bạc Liêu thứ 6 tuần này đã ra rạp rồi! Cậu Ba Hơn có vài điều lưu ý, các toa nhớ xem rồi ra rạp đừng làm sai nhaCông Tử Bạc Liêu  Khởi chiếu tại rạp 06122024 Vé hiện tại mở bán tại: https://bitly/CGVCONGTUBACLIEU#Phi… Xem thêm",phim
"Thiên hạ săn sale giảm giá, tôi săn một thứ không thể trả giá…Nhưng không sao vì tôi là một chàng trai thư giãn TRẺ TRÂU KHÔNG ĐÙA ĐƯỢC ĐÂU | Dự Kiến Khởi Chiếu: 112025#TreTrauKhongDuaDuocDau",phim
"Ai mặn nhất trong Công Tử Bạc Liêu? Tất cả: ông Lịnh Chỉ riêng Công Dương: Cậu Ba Song Luân Cậu Tư, cậu chắc chưa?  Ra rạp đón xem Cậu Ba làm gì trên set mà được khen mặn nha Công Tử Bạc Liêu  Khởi chiếu tại rạp 06122024 … Xem thêm",phim
"Moana 2 QUAY XE rồi đây Hành Trình Của Moana 2 chính thức có suất chiếu đặc biệt cả ngày 3011 & 0112ĐẶT VÉ NGAY: https://bitly/CGVMOANA2MOANA 2 có mã P, dành cho mọi độ tuổi#… Xem thêm",phim
"CÔNG TỬ BẠC LIÊU CÓ GÌ MÀ KHIẾN NSƯT THÀNH LỘC VÀ NGHỆ SĨ THANH THUỶ NHẬN LỜI THAM GIA? Những yếu tố về văn hoá lịch sử của Nam Kì thời xưa, và cơ hội được truyền ngọn lửa đam mê các diễn viên trẻ là một trong những lý do khiến NSƯT Thành Lộc và nghệ sĩ Thanh Thuỷ nhận lời với  Công Tử Bạc Liêu Công Tử Bạc Liêu  Khởi chiếu tại rạp 06122024#… Xem thêm",phim
"CHÚA TỂ CỦA NHỮNG CHIẾN NHẪN: CUỘC CHIẾN CỦA ROHIRRIM sẽ hé lộ công khai 8 phút độc quyền vào của bộ phim vào ngày 03/12 tới đây, hứa hẹn về sư chất lượng về mặt nội dung cũng như kỹ xảo Phim khởi chiếu tại rạp từ 13122024#lotr #chuatecuanhungchiecnhan #cuocchiencuarohirrim",phim
"THỨ SÁU ĐEN TỐI, NHẬN QUÀ QUÊN LỐI!  Săn ngay  Paconnie  chỉ với 01 vé xem phim bất kỳ  Quà tặng độc quyền chỉ có tại CGV Đặt vé ngay! L… Xem thêm",phim
Khán giả đồng loạt rìviu WICKED đầy nức nở! Một câu chuyện phép thuật đầy màu sắc và cảm xúc mà chắc chắn bạn không thể bỏ lỡ  Link đặt vé: https://bitly/CGVWICKED WICKED | Đang chiếu tại rạp #WickedMovie #PhimWicked,phim
"Ưu đãi cực khủng tháng 11!Mua 1 được 12 zumbi Thái Lan cực xịn, tha hồ được dí Đặt vé ra rạp cùng cơn địa chấn zumbi kinh dị nặng đô hot nhất năm nay!—… Xem thêm",phim
"Sau chiến thắng tại LHP quốc tế Thượng Hải, Sắc Màu Của Cảm Xúc tiếp tục lọt vào danh sách rút gọn của Oscar cho hạng mục  Phim Hoạt Hình Xuất Sắc Nhất   Phim chất lượng như thế mà không xem thì uổng lắm đấy nhé Ra rạp ngay thoaiiiLink đặt vé: https://bitly/CGVTHECOLORSWITHIN Sắc Màu Của Cảm Xúc (tựa gốc: The Colors Within)  Đang chiếu tại rạp#… Xem thêm",phim
"Đơn giản là không sợ bất cứ ai CHÚA TỂ CỦA NHỮNG CHIẾC NHẪN: CUỘC CHIẾN CỦA ROHIRRIM, khởi chiếu 13122024#LOTR #chuatecuanhungchiecnhan #cuocchiencuarohirrim",phim
MOANA sẽ sớm gặp lại các bạn thui!,phim
CẤP BÁO  CẤP BÁO  Phiên Bản Tuần Trăng Mật được x 500% độ dễ thương của năm chị em nhà Nakano sẽ chính thức tấn công trái tim bạn vào tuần này!!!  NHÀ CÓ NĂM NÀNG DÂU  SPECIALS 2  KHỞI CHIẾU: 29112024 P… Xem thêm,phim
"Sớm biết vậy đã không vượt mức pickleball, ủa lộn, mức đền tiền tai nạn  NGÀY TA ĐÃ YÊU, siêu phẩm lãng mạn xúc động nhất cuối năm 2024  Đang chiếu tại rạp… Xem thêm",phim
"GHÉ BOOTH CGV  RINH QUÀ MÊ LY! KHÁM PHÁ NGAY TẠI SỰ KIỆN SHOWMATCH TCL UEC 2024Bạn có hẹn cùng CGV vào cuối tuần này, để cùng nhau khám phá ngày hội Esport cực đỉnh được tổ chức bởi thương hiệu điện tử TCL Việt Nam!  Thời gian: 13:00 – 30/11/2024 Địa điểm: Đại học Ngân hàng TP HCM (56 Hoàng Diệu II, Thủ Đức, TP Hồ Chí Minh) … Xem thêm",phim
Chào mừng bạn đến với xứ Munchkin  Vùng đất đầy sắc màu được tạo nên bởi 9 triệu bông hoa tulip được trồng thật trong quá trình quay phim  Link đặt vé: https://bitly/CGVWICKED WICKED | Đang chiếu tại rạp #WickedMovie #PhimWicked,phim
"Ai xem phim thì cũng biết tình bạn của Elphaba và Glinda siêu đỉnh rùi, đu OTP tình bạn đáng iu này bằng ly Wicked ngay hôm nay nha~*Xem chi tiết về ly Wicked 2 ngăn tại: bitly/wickedcombo#CGV #CGVCinemas #Wicked",phim
YEAY MAI THỨ HAI LÀ CGV MOVIE DATE !!!  Đồng giá chỉ từ 49K cho vé 2D rạp tiêu chuẩn khi mua trực tuyến (online) nha nha nha! Chương trình áp dụng vào các ngày Thứ Hai:… Xem thêm,phim
"Nay trời mát cả đám rủ đi chơi, Tails bỏ đi đâu mất tiêu  Ai giúp Ad tìm Tails vớiiiNHÍM SONIC 3 | Dự Kiến Khởi Chiếu: 27122024#NhimSonic3 #SonicMovie3",phim
"Có thể ai cũng đã biết, trong phần 2 của loạt phim Chúa Nhẫn (Chúa Tể Của Những Chiếc Nhẫn: Hai Toà Tháp) bức tượng trước pháo đài Hornburg là tượng đài tưởng nhớ vua Helm Hammerhand CHÚA TỂ CỦA NHỮNG CHIẾC NHẪN: CUỘC CHIẾN CỦA ROHIRRIM, khởi chiếu 13122024#LOTR #chuatecuanhungchiecnhan #cuocchiencuarohirrim",phim
Phim vừa dễ thương vừa ý nghĩa  Cùng cả gia đình đi xem là mê nhất đó nè ^^ Đặt vé ngay: https://bitly/CGVOZIOZI: PHI VỤ RỪNG XANH | ĐANG CHIẾU TẠI RẠPPhim dành cho khán giả mọi lứa tuổi#Oz… Xem thêm,phim
Ra khơi rẽ sóng cùng chị đẹp MOANA tại CGV nào~ĐẶT VÉ NGAY: https://bitly/CGVMOANA2Phim có mã P  Dành cho mọi độ tuổi#Moana2 #CGVVietnam #NowShowing,phim
"Nhìn thấy nó Châu Âu mà cũng Châu Á mà cũng rất Việt Nam hén! Cũng vừa Âu phục nhưng cũng có sự xuất hiện của áo dài Ngũ Thân!Thông qua sự đa dạng trong trang phục của các nhân vật, bộ phim Công Tử Bạc Liêu còn truyền tải một tinh thần, một câu chuyện về sự giao thoa giữa quá khứ và hiện tại giữa thời điểm những giá trị cũ và mới đang đan xenCông Tử Bạc Liêu  Khởi chiếu tại rạp 06122024… Xem thêm",phim
Team bạn đã checkin chưa? Cả thành phố đang  rần rần  vì chiếc xe bus Jujutsu Kaisen siêu ngầu đây này! Tụi tui đã tranh thủ   bắt trend  cùng BST Ly cực xịn!! Nhanh tay ra rạp sắm ngay 1 bộ để không bỏ qua cơ hội có được bức ảnh triệu like và tận hưởng khoảnh khắc cực vui nhé!#CGV #CGVCinemas #JujutsuKaisen,phim
LIVESTREAM SỰ KIỆN CÔNG CHIẾU PHIM ĐIỆN ẢNH CÔNG TỬ BẠC LIÊU,phim
"Thấy xe cấp cứu là biết có điềm xấu, thêm cái xác và ánh đèn đỏ combo  đầu nămHành trình quỷ dị Âm Dương Lộ khởi hành tháng 022025#Amduonglo #phimkinhdi #comingsoon",phim
Lilo và Stitch phiên bản live action tung teaser poster đầu tiên! Phim dự kiến khởi chiếu 23052025 #liloandstitchliveaction #comingsoon #CGVVietnam,phim
LIỀU ĂN NHIỀU?Một nhóm nữ sinh học kém nhưng muốn điểm cao nên chọn cách chơi trốn tìm với ma  Ai dè ma nữ này vừa lầy lại còn tẻn tẻn nên đã xảy ra nhiều cuộc rượt đuổi “Sợ 1  Cười 10”… Xem thêm,phim
SỞ HỮU NGAY CHIẾC VÍ ĐỰNG THẺ ĐƯỢC TÁI CHẾ TỪ MÀN CHIẾU CGV !!!  Loa loa loa loa  Mua 02 vé xem phim Red One / Wicked / Gladiator II định dạng IMAX hoặc 4DX hoặc Ultra 4DX sẽ được tặng 01 Ví đựng thẻ được tái chế từ màn chiếu CGV nè cả nhà ơi! Lên lịch book kèo ngay thoaiiiiii Thông tin chi tiết chương trình mời cả nhà xem tại: https://wwwcgvvn/default/newsoffer/cgvdienanhxanh/#C… Xem thêm,phim
"Rủ đi ăn mì Rủ Mèrimì 2022 Có Mai Đẹttini thì 2024 có Mèrimì, nghe 1 phát biết người Thái liền —C/HIẾN ĐỊA T/Ử THI ĐANG CHIẾU TẠI RẠP… Xem thêm",phim
XÉ  TÚI MÙ  TIẾP THEO LUÔN NHAAAA! Quà tặng độc quyền chỉ có tại CGV! Mua 01 vé tặng 01 giá đỡ điện thoại (popsocket) Paconnie cực xinhhh … Xem thêm,phim
GIA ĐÌNH ÔNG TRẦN ĐẮC LỊNH HÂN HOAN KÍNH MỜI BÀ CON ĐẾN VỚI XỨ SỞ BẠC LIÊU TRÙ PHÚ!Chiêm ngưỡng những pha đấu khẩu nảy lửa giữa ông Lịnh và cậu Ba để thấy gia đình siêu giàu Bạc Liêu cũng cãi nhau um sùm y chang gia đình mìnhNhưng bù lại bà Lịnh và cô Sáu sẽ là hai nhân tố gánh độ đáng yêu của bộ phimCông Tử Bạc Liêu  Khởi chiếu tại rạp 06122024 Vé hiện tại mở bán tại: https://bitly/CGVCONGTUBACLIEU#PhimCongTuBacLieu #CongTuBacLieu #CTBL #CGV #VPICTURES #LyMinhThang #XuongPhimMauHong #SongLuan #ThienAn #KaityNguyen #NSUTThanhLoc #NSThanhThuy #NSUTHuuChau,phim
Nhìn kiểu gì cũng thấy hắc ám ra rạp xem phim để biết sao mà bị ghét nhất phim nha —C/HIẾN ĐỊA T/Ử THI ĐANG CHIẾU TẠI RẠP Đặt vé ngay: https://bitly/OUCGV… Xem thêm,phim
ÊKÍP CÔNG TỬ BẠC LIÊU CHI NỬA TỶ ĐỒNG ĐỂ TÁI HIỆN CHIẾC MÁY BAY TƯ NHÂN ĐẦU TIÊN CỦA VIỆT NAM Mời quý vị quan khách gần xa cùng khám phá quá trình tạo nên một phiên bản máy bay có kích thước và kiểu dáng giống hệt nguyên mẫu máy bay tư nhân đầu tiên ở Việt Nam và lý do khiến ekip Công Tử Bạc Liêu quyết định  chơi lớn Công Tử Bạc Liêu  Khởi chiếu tại rạp 06122024 Vé… Xem thêm,phim
[MINIGAME LINH MIÊU: QUỶ NHẬP TRÀNG]  Cơ hội nhận những phần quà hấp dẫn chỉ với 03 bước đơn giản sau:Bước 1: Like Fanpage CGV Cinemas VietnamBước 2: Like và Share bài viết này ở chế độ công khai kèm hash #LinhMieu #CGV #minigame Bước 3: Comment đáp án đúng cho câu hỏi sau và tag 03 người bạn dưới phần bình luận của bài post nàyC… Xem thêm,phim
"HỒNG ĐÀO MẮNG VIỆT HƯƠNG ĐẾN BẬT KHÓCSau khi công bố ấn định ngày khởi chiếu 20/12/2024, phim Chị Dâu tung trailer chính thức, drama ngay từ giây đầu tiênLấy bối cảnh chính cực kỳ thân quen với người Việt Nam là đám giỗ  dự đoán đây sẽ là nơi mọi drama bắt đầu Không biết đã có chuyện gì xảy ra, nhưng cả 5 bà chị đều phát huy “mỏ hỗn” hết nấc trong trailer… Xem thêm",phim
"C hiế n địa kinh dị zumbi Thái đã mở cổng đón khách, các tín đồ phim kinh dị còn chờ gì mà chưa đặt vé tham quan ngay —C/HIẾN ĐỊA T/Ử THI Suất chiếu đặc biệt từ 18h ngày 28/11Khởi chiếu 29112024 … Xem thêm",phim
"CÔNG TỬ BẠC LIÊU  CHƠI LỚN  XUỐNG TẬN BẠC LIÊU TRI ÂN NGƯỜI DÂN BẠC LIÊU Không chỉ có cậu Ba Song Luân mà sự kiện tri ân còn có mặt cô Bảy Đoàn Thiên Ân, Bạch Công tử Công Dương hay ông Hội đồng Lịnh đó nha mấy bà ơi !!Bà con Bạc Liêu nhanh chóng xuống phần comment bên dưới để tìm hiểu thể lệ nhận ngay cơ hội đến tụ họp của dàn diễn viên Công Tử Bạc Liêu nghen  … Xem thêm",phim
Chờ mợ rã đông để khui quà Noel Chờ CGV rã đông để khui Sí Rịt#CGV #CGVCinemas #Comingsoon,phim
"CHỈ CÒN 30 NGÀY ĐỂ THĂNG HẠNG Các thành viên ơi, đừng thư giãn nữa!!! Còn lại 30 ngày để ra rạp tích lũy chi tiêu, nhập hội VIPVVIP 2025, chi tiết như sau:… Xem thêm",phim
"Tính hông có hạppp, nhưng phải đi chung dzị mới dzuii! Nhớ rủ hội bạn đặt vé ngay để mỗi đứa rinh ngay 01 nhỏ  Paconnie  đúng với cái nư mình liền nghen  … Xem thêm",phim
"Khỉ đầu chó có thể dài tới 120cm và cân nặng lên đến 40kg Tất cả chúng đều có mõm dài giống chó, hàm nặng, khỏe với răng nanh sắc nhọn, chỉ cần một nhát cắn thôi là bạn có thể  đăng xuất  liền khỏi thế giới Nếu bạn là Lucius trong Võ Sĩ Giác Đấu II, bạn sẽ chiến đấu với lũ khỉ này như thế nào?  Link đặt vé: https://bitly/CGVGLADIATORII#VoSiGiacDauII #GladiatorII",phim
"Trailer chính thức của siêu phẩm BLUE PERIOD phiên bản Liveaction   Khi đam mê trở thành vũ khí tối thượng, điều bình thường nhất cũng trở nên thật phi thường! Liveaction truyền cảm hứng đáng xem nhất mùa đông này Hẹn lịch ra CGV với Yukachan nha~ BLUE PERIOD  Khởi chiếu: 29112024Suất chiếu đặc biệt từ 19:00 ngày 27 và 28112024P… Xem thêm",phim
"Sul Kyunggu: Đỉnh lưu màn bạc  Công việc chính: Diễn viên Nghề tay phải: Đỉnh lưu bom tấn điện ảnh, sat thủ, luật sư,… Xem thêm",phim
MINIGAME NÓNG BỎNG TAY Đôi bạn mặc áo xanh  hồng chụp hình đôi theo 1 trong 2 kiểu của poster phim WICKED Up hình lên facebook cá nhân ở chế độ công khai với caption đậm chất phù thủy WICKED kèm hashtag #phimwicked #wickedvnComment bên dưới post này ngay khi thực hiện xongGiả… Xem thêm,phim
"CHÚA TỂ CỦA NHỮNG CHIẾC NHẪN: CUỘC CHIẾN CỦA ROHIRRIM lọt vào danh sách rút gọn cho Hạng mục Phim Hoạt Hình Xuất Sắc Nhất của Oscar 2025, cạnh tranh với hàng loạt các bom tấn hoạt hình lớn khác Phim khởi chiếu tại rạp từ 13122024#lotr #chuatecuanhungchiecnhan #cuocchiencuarohirrim",phim
"Đỉnh! Phòng chiếu WICKED sing along full ghế  Chúc các thần dân xứ Oz một đêm rộn ràng trong âm nhạc  Đừng bỏ lỡ, nhanh tay đặt vé ngay: https://bitly/CGVWICKED WICKED | Đang chiếu tại rạp #WickedMovie #PhimWicked",phim
"THỨ TƯ VUI VẺ, ưu đãi GẤP BỘI, niềm vui NHÂN ĐÔI cùng CGV & VNPAYQR! Giá vé CGV chỉ từ 55K, VNPAY mời thêm 15K, giá chỉ từ 40K Thứ Tư đã điểm, đến hẹn lại  vui ! Thỏa sức đằm chìm trong những bộ phim bom tấn đình đám với giá vé chỉ từ 55K mỗi Thứ 4 hàng tuần Giờ đây còn nhận thêm ưu đãi chồng ưu đãi từ VNPAYQR!Mu… Xem thêm",phim
"Toàn các studio uy tín như vậy, phim đảm bảo hay CHÚA TỂ CỦA NHỮNG CHIẾC NHẪN: CUỘC CHIẾN CỦA ROHIRRIM, khởi chiếu 13122024#LOTR #chuatecuanhungchiecnhan #cuocchiencuarohirrim",phim
"Ekip làm phim Công Tử Bạc Liêu không chỉ tái hiện Sài Gòn xưa qua những hình ảnh, thuớc phim mà còn chỉn chu tới từng câu thoại Những từ ngữ được sử dụng được tổ biên kịch điều chỉnh để phù hợp nhất với bối cảnh phim Vì vậy, khán giả có thể bắt gặp những cụm từ khá xa lạ Hãy cùng điểm qua một số từ ngữ, địa danh xưa được đề cập trong bộ phim nhé! Công Tử Bạc Liêu  Khởi chiếu tại rạp 06122024… Xem thêm",phim
"TÚI MÙ CUỐI CÙNG ĐÃ ĐƯỢC XÉ! SIÊU BẤT NGỜ VỚI GIÁ VÉ CHỈ DÀNH RIÊNG CHO 3 NGÀY BLACK FRIDAY TẠI CGV!!! Ưu điểm: Giá vé 2D từ 55000Đ  85000Đ cho rạp tiêu chuẩn 2D, áp dụng trong 3 ngày cuối tuần Nhược điểm: Chỉ trong 3 ngày 29112024  01122024 Giảm thêm 20% trên giá vé Black Friday cho khách hàng là trẻ em, người cao tuổi … Xem thêm",phim
HEO NĂM MÓNG  MỘT TRUYỀN THUYẾT LINH DỊ ĐÁNG SỢ NHẤT CỦA DÂN TỘC KHMER RA MẮT VÀO 2025 Đây là linh dị kế tiếp trong chuỗi phim kinh dị về các linh vật dân gian Việt Nam sau Quỷ Cẩu và Linh Miêu󰴛LINH MIÊU: Quỷ Nhập Tràng | ĐANG CHIẾU TẠI CGV… Xem thêm,phim
"Triển lãm “MỸ THUẬT TRONG PHIM CÔNG TỬ BẠC LIÊU” – Lát cắt văn hoá thú vị của một giai thoại và thời kỳ lịch sửXin được mời bà con quý khách cùng khám phá một thế giới phim thu nhỏ qua triển lãm đặc biệt cùng tên Từ phục trang, bối cảnh, hóa trang, đến hiệu ứng, tất cả đều được bày trí tinh tế, tái hiện chân thực tinh thần xa hoa thiênhạ đệnhứt chơi ngông! Đặc biệt, lần đầu tiên, một bộ phim ngắn được dựng bằng kỹ thuật stopmotion sẽ được trình chiếu, mang đến trải n… Xem thêm",phim
| Đừng săn Ngưu Ma Vương nữa!! Săn ngay quà HOT với hàng loạt các chương trình hấp dẫn từ CGV  Mua Thẻ quà tặng CGV/eGift tặng voucher giảm giá Mua vé xem phim tặng quà và bắp Mua một tặng một nhiều sản phẩm merchandise độc quyền tại rạp…Và vẫn còn … Xem thêm,phim
WICKED – Đỉnh cao của thế giới phù thủy đã đến! Chuyện gì xảy ra khi hai phù thủy mạnh nhất đối đầu giữa ánh sáng và bóng tối? Câu trả lời nằm ở WICKED! Một siêu phẩm phép thuật đầy cảm xúc với những pha xoắn não cực đỉnh đang chờ bạn khám phá Zalopay khao bạn vé hời để bạn thưởng thức phim với ưu đãi hấp dẫn và tận hưởng hành trình phép thuật không giới hạn! Đồng giá vé bạn mới chỉ 9K Đồng giá vé bạn thân chỉ 84K T… Xem thêm,phim
"Sự tích độc lạ Rohan: Vua Helm Hammerhand đi đường quyền, ra đúng 1 đòn đối thủ đã hẻo CHÚA TỂ CỦA NHỮNG CHIẾC NHẪN: CUỘC CHIẾN CỦA ROHIRRIM, khởi chiếu 13122024#LOTR #chuatecuanhungchiecnhan #cuocchiencuarohirrim",phim
"Cậu Ba Hơn và cậu Tư Phát  say hi  cả nhà Danh sách rạp và thể lệ sở hữu STANDEE sẽ sớm được CGV cập nhật, cùng đón chờ nha!#CGV #CGVVietNam #CongTuBacLieu #Standee #QuaTang #Comingsoon",phim
BLACK CORN ĐÂY 2024Cơ hội nhận ngay Voucher vé xem phim 2D hoặc Thẻ Quà Tặng 100000VND đang chờ bạn tại siêu lễ hội BLACK FRIDAY của CGV đó! #CGV #CGVCinemas #BlackFridayComingsoon,phim
"Andrew Garfield đã mang lên màn ảnh một người chồng, người cha, một nhân vật nam chính tuyệt vời: Anh ân cần, dịu dàng, luôn thấu hiểu và sẵn sàng hy sinh vì ước mơ của bạn đời Điều Tobias mong muốn, không gì hơn, là được thấy Almut trong dáng vẻ tỏa sáng nhất của cô Còn gì xúc động hơn giây phút Tobias chỉ vào Almut trên sân khấu và thì thầm với bé Ella,  Mẹ của con đấy   NGÀY TA ĐÃ YÊU, siêu phẩm lãng mạn xúc động nhất cuối năm 2024  Đang chiếu tại rạp… Xem thêm",phim
"Lương về hốt ngay ly xịn Đầu tháng rủng rỉnh, chốt ngay chiếc ly Jujutsu Kaisen vừa đẹp, vừa chất, vừa mang đi check in được hình triệu like đi nè!! Thông tin chương trình xem thêm tại: bitly/CGVJJK#CGV #CGVCinemas #JujutsuKaisen",phim
Shutter là minh chứng cho độ kinh dị và ám ảnh mãi mãi cho dòng phim kinh dị Thái  Đừng quên “chị ta” vẫn đang đợi mấy bạn ngoài rạp chơi cùng đó nha  Matxa cổ vai gáy tại: https://bitly/CGVSHUTTERHồn Ma Theo Đuổi | Đang chiếu tại rạp#h… Xem thêm,phim
"Tháng 10, Venom gây náo loạn màn ảnh!Tháng 12, Kraven bước vào cuộc săn với sự tàn bạo không hồi kết Kraven  Thợ Săn Thủ Lĩnh Dự kiến khởi chiếu: 13122024#K… Xem thêm",phim
Điểm chụp ảnh Giáng Sinh mới tại Hà Nội: Khu trưng bày WICKED ở AEON LONG BIÊN Đặt vé ngay tại đây: https://bitly/CGVWICKED WICKED đang chiếu tại rạp #PhimWicked #WickedMovie,phim
Quá trời  ma  cho các tín đồ kinh dị Thái quẹo lựa —C/HIẾN ĐỊA T/Ử THI Suất chiếu đặc biệt từ 18h ngày 28/11Khởi chiếu 29112024Đặt vé ngay: https://bitly/OUCGV… Xem thêm,phim
"Ưu điểm: Xinh gái, quyết tâm đậu đại họcNhược điểm: Hơi ngốc, không chịu học mà đi trốn tìm với Coi bộ chị ma đợt này bị “dí” mệt người à nhen… Xem thêm",phim
"XEM PHIM RỒI MÌNH ĐI ĂN ĐÂU ĐÂY TA? Câu hỏi quen thuộc nay đã có ngay câu trả lời  Kết hội tham gia ngay group checkin quán ăn tại Tầng 4 & Tầng 5 – TTTM Diamond Plaza, Quận 1 với đa dạng sự lựa chọn từ món Hàn Quốc đến Việt Nam Chưa hết, Tầng 4 với diện mạo mới cực sang chảnh sẵn sàng cùng bạn sống ảo trên từng khung hình  Đặc biệt… Xem thêm",phim
Ra rạp học hướng dẫn trói heo thôi cả nhà ơiCƯỜI XUYÊN BIÊN GIỚI  ĐANG CHIẾU TẠI RẠPPhim chỉ dành cho khán giả từ 13 tuổi trở lên… Xem thêm,phim
"Miss Grand International 2021 Thuỳ Tiên, Miss International 2024 Thanh Thuỷ cùng dàn hậu Sen Vàng xuất hiện xinh đẹp tại buổi công chiếu phim điện ảnh Công Tử Bạc Liêu để ủng hộ vai diễn đầu tiên của Đoàn Thiên Ân Công Tử Bạc Liêu  Khởi chiếu tại rạp 06122024 Vé hiện tại mở bán tại: https://bitly/CGVCONGTUBACLIEU#P… Xem thêm",phim
Kỳ phùng địch thủ chính thức chạm mặt NHÍM SONIC 3 | Dự Kiến Khởi Chiếu: 27122024#NhimSonic3 #SonicMovie3,phim
"Tò mò mở cuộn băng ẩn chứa lời nguyền khủng khiếp, hội Gái Ngố thấy nhức nhức cái đầu khi “đụng độ” hồn  vừa đáng sợ vừa có cái nết như  mùa thu Hà Nội   Liệu họ có thể sống sót qua đêm định mệnh ấy? Tất cả sẽ được hé lộ vào 1312 này nhé!GÁI NGỐ GẶP MA LẦY  Khởi chiếu ngày 13122024#G… Xem thêm",phim
Siêu thảm đỏ của buổi công chiếu phim điện ảnh Công Tử Bạc Liêu chào đón sự xuất hiện của hàng loạt gương mặt người nổi tiếng từ dàn mỹ nhân Sen Vàng đến các Anh Trai Say Hi đến ủng hộ bộ phim Công Tử Bạc Liêu  Khởi chiếu tại rạp 06122024 Vé hiện tại mở bán tại: https://bitly/CGVCONGTUBACLIEU#P… Xem thêm,phim
Đích thị là bom tấn gây sốt toàn cầu! 8 năm kể từ La La Land khán giả mới được xem một phim âm nhạc đỉnh tới vậy  Đặt vé tại đây nha: https://bitly/CGVWICKED WICKED đang chiếu tại rạp #PhimWicked #WickedMovie,phim
"Ước muốn nhỏ nhoi là được về nhà ăn cơm, nhưng cũng không thể thực hiện vì gặp phải bầy zumbi —C/HIẾN ĐỊA T/Ử THI ĐANG CHIẾU TẠI RẠP Đặt vé ngay: https://bitly/OUCGV#Chiendiatuthi #OperationUndead #Nonkul #CJENM #CGVVietnam… Xem thêm",phim
"Chúa Tể Của Những Chiếc Nhẫn: Cuộc Chiến Của Rohirrim lấy bối cảnh 183 năm trước bộ ba phần phim Chúa Nhẫn nổi tiếng, xoay quanh cuộc chiến khốc liệt giữa Rohan và Dunlands & những năm tháng cuối đời của vị vua Helm Hammerhand nổi tiếng CHÚA TỂ CỦA NHỮNG CHIẾC NHẪN: CUỘC CHIẾN CỦA ROHIRRIM, khởi chiếu 13122024#LOTR #chuatecuanhungchiecnhan #cuocchiencuarohirrim",phim
Hân hạnh giới thiệu: tiền thân đời đầu của hội siêu giàu miền Tây!  Ông bà Lịnh xem báo tân thời có tin gì thú vị mà cười phấn khởi quá đa Công Tử Bạc Liêu  Khởi chiếu tại rạp 06122024#P… Xem thêm,phim
"NHÂN BLACK FRIDAY  CHIA SẺ PHƯƠNG ÁN XEM LINH MIÊU  KINH TẾ  TINH TẾ  THỰC TẾ  ĐANG DIỄN RA CGV tặng bạn voucher lên đến 50,000 vnd, áp dụng cho lần giao dịch tiếp theo, hạn sử dụng voucher thì thư giãn chill chill tới tận cuối năm, chỉ cần thỏa điều kiện mua từ 2 vé Linh Miêu mà thôiNhanh tay lên nhé, hàng ngàn voucher đang được tung ra tại CGV toàn quốc  … Xem thêm",phim
Ra CGV gặp chị đẹp MOANA trở lại màn ảnh nào anh em mình ơiĐẶT VÉ NGAY: https://bitly/CGVMOANA2Phim có mã P  Dành cho mọi độ tuổi#Moana2 #CGVVietnam #NowShowing,phim
Black Friday sắp đến! Nhưng mà bạn đã sẵn sàng đón chờ những điều đặc biệt đến từ CGV chưa?  #CGV #CGVCinemas #BlackFridayComingsoon,phim
ĐIỀU GÌ ĐANG ĐÓN CHỜ NHÓC QUẬY Ở KHU RỪNG KỲ DIỆU !?Dự là sẽ diễn ra nhiều câu chuyện ly kỳ và hấp dẫn bên trong Khu Rừng Kỳ Diệu lắm đây  Đặt lịch 0612 này cùng tham gia vào cuộc phiêu lưu thú vị cùng Nhóc Quậy nhé   Nhóc Quậy Và Khu Rừng Kỳ Diệu | Dự kiến khởi chiếu: 06122024#i… Xem thêm,phim
CHÚA TỂ CỦA NHỮNG CHIẾC NHẪN: CUỘC CHIẾN CỦA ROHIRRIM CHÍNH THỨC MỞ BÁN VÉ Hãy trở thành những khán giả đầu tiên xem sớm bộ phim trước quốc tế 01 tuần Phim có suất chiếu đặc biệt từ 12h trưa ngày 07 & 08/12 … Xem thêm,phim
"CƯỜI XUYÊN BIÊN GIỚI CÁN MỐC 50 TỶQuá đẽ rồi khán giả Việt Nam ơi, nhờ sự yêu thương tất cả mọi người mà Cười Xuyên Biên Giới đã cán mốc 50 tỷ trở thành phim Hài Hàn Quốc cán mốc doanh thu này nhanh nhất năm 2024Chân thành cảm ơn sự yêu quý của các anh chị em… Xem thêm",phim
NHÂN MÃ THÁNG 12 SAY HI NGÀN QUÀ TẶNGTôi thư giãn đi xem phim vì được CGV tặng quà sinh nhật … Xem thêm,phim
"Concept art của bộ phim Chúa Tể Của Những Chiếc Nhẫn: Cuộc Chiến Của Rohirrim được thiết kế bởi Wētā Workshop, studio về hiệu ứng hàng đầu thế giới CHÚA TỂ CỦA NHỮNG CHIẾC NHẪN: CUỘC CHIẾN CỦA ROHIRRIM, khởi chiếu 13122024#LOTR #chuatecuanhungchiecnhan #cuocchiencuarohirrim",phim
"Những công trình kiến trúc nguy nga, sự xa hoa, lộng lẫy đầy cay nghiệt của một đế chế trước thềm suy vong, cho tới “đền đài” cuối cùng  đấu trường La Mã, nơi sự tha hóa hiện ra rõ nét nhất Tại đó, máu đỏ, cát bụi trên người đấu sĩ đối lập sắc vàng óng ả trên trang phục quý tộc, hoàng gia Sự im lặng chết chóc của người lính ngã xuống đối lập tiếng hò reo vang dội từ phía khán giả Tất cả tái hiện sinh động một thời kỳ La Mã suy đồi, chìm trong cảm giác khoái lạc mà máu và… Xem thêm",phim
"ĐỪNG BỎ LỠ SIÊU HỘI BLACK FRIDAY TỪ 2911  112 TẠI CGV Giá vé xem phim 2D, rạp tiêu chuẩn 2D chỉ từ 55000Đ, áp dụng trong 3 ngày cuối tuần Mua Thẻ quà tặng/ eGift mệnh giá 500000Đ tặng ngay coupon giảm giá 100000Đ Mua 1 vé xem phim tặng 1 giá đỡ điện thoại Paconnie trong các khung giờ cố định Mua ly nhân vật, tặng phiếu đổi vé xem phim 2D hoặc Thẻ quà tặng 100k, mua 1 combo ly nhân vật tặng 1 ly nhân vật bất kìGiờ … Xem thêm",phim
CHÍNH LÀ BÂY GIỜ Xem ngay trailer mới nhất của Nhím Sonic 3 ngay nào   NHÍM SONIC 3 | Dự Kiến Khởi Chiếu: 27122024#NhimSonic3 #SonicMovie3,phim
"Tháng 12 này ở CGV có vé để quay về tuổi thơ!!!Kính Vạn Hoa tung teaser poster rồi nè, dự kiến ngày khởi chiếu 27122024! #KinhVanHoa #comingsoon #CGVVietnam",phim
"LẦN ĐẦU TIÊN! HỌP BÁO PHIM ĐIỆN ẢNH VIỆT TRƯNG BÀY MỘT CHIẾC MÁY BAY! Không chỉ chi hơn nửa tỷ sản xuất giống nguyên mẫu máy bay tư nhân đầu tiên ở Việt Nam, NSX của Công Tử Bạc Liêu đã vận chuyển chiếc máy bay này đến Vivo City, chuẩn bị cho buổi họp báo ra mắt bộ phimCông Tử Bạc Liêu  Khởi chiếu tại rạp 06122024… Xem thêm",phim
"THU TRANG CHỐT KÈO CÙNG BỘ BA LÊ XUÂN TIỀN  ĐOÀN THIÊN ÂN  MA RAN ĐÔ GIA NHẬP ĐƯỜNG ĐUA PHIM TẾT 2025 VỚI NỤ HÔN BẠC TỶ Với 2 visual cực phẩm như này coi bộ Thiên Ân lại tiếp tục khó lựa chọn rồi nha ! Trong lần trở lại này, Thu Trang quyết tâm ẵm trọn vai trò nhà sản xuất, đạo diễn và diễn viên để khuấy động mùa Tết 2025 thật nhộn nhịp  Nụ Hôn Bạc Tỷ | Dự kiến khởi chiếu: Mùng 1 Tết 2025 #… Xem thêm",phim
Chửng bị giăng buồm ra khơi khám phá những vùng đất mới mà toai vẫn vui vẻ ra rạp Cê hốt quà Bởi toai là Moana thư giãn! Ê hề ê hề sản vật độc lạ đang chờ bạn đến săn! Check ngay bản đồ hướng dẫn tại: https://wwwcgvvn/default/newsoffer/cgvdienanhxanh/#… Xem thêm,phim
"Tín hiệu vũ trụ lại đến với fan anime!!Bạn là fan cứng của Jujutsu Kaisen? Đây chắc chắn là cơ hội không thể bỏ qua!  Với thiết kế độc quyền, mỗi ly đi kèm một topper nhân vật cực kì sống động  Tag ngay team bạn thân và lập kèo  hốt  trọn bộ tại CGV đi nè!T… Xem thêm",phim
GIỜ VÀNG” RỘN RÀNG  NHẬN BẮP LIỀN TAY! Chỉ trong 3 ngày duy nhất từ 28293011 TẶNG NGAY 01 BẮP THANK YOU thơm lừng giờn rụm dành riêng cho bạn có vé xem phim kết thúc vào khung giờ vàng:12:00  13:00… Xem thêm,phim
:  Các người đã thấy giải trí hay chưa? : Giải trí tuyệt đối!!!Link đặt vé: https://bitly/CGVGLADIATORII VÕ SĨ GIÁC ĐẤU II | ĐANG CHIẾU TẠI RẠP#VoSiGiacDauII #GladiatorII,phim
"THÔNG BÁO HƠI QUAN TRỌNG:RM: Right People, Wrong Place sẽ khởi chiếu tại Việt Nam từ ngày 122212Lý do vì sao thì không được nói… Xem thêm",phim
"Hồng Đào, Việt Hương, Ngọc Trinh quậy đục nước đám giỗ bên cồn!Bàn tiệc kịch tính nhất năm  Chị Dâu, đã chính thức ra mắt dàn diễn viên chính, góp tay vào mâm giỗ năm nay Ngoài Việt Hương, Hồng Đào, Ngọc Trinh còn có sự góp mặt của Lê Khánh và Đinh Y Nhung, hứa hẹn một mâm giỗ đầy đủ gia vị, để cùng khóc cùng cười… Xem thêm",phim
"Huỷ gói làm bạn, kích hoạt gói Yêu Nhầm Bạn ThânTam giác tình yêu rắc rối nhất màn ảnh Tết 2025 chính thức hé lộ! Yêu Nhầm Bạn Thân | Dự kiến khởi chiếu: Mùng 1 Tết 2025#YeuNhamBanThan #KaityNguyen #TranNgocVang #ThanhSon #PhimTet2025 #ComingSoon",phim
THỎA ĐAM MÊ XÉ TÚI  MÙ  TỪ MOANA 2! Quà tặng giới hạn khi xem bom tấn Disney Moana 2 sắp xuất hiện  Hãy cùng đoán xem là gì! … Xem thêm,phim
Phòng chiếu IMAX tại CGV sẵn sàng đợi bạn đến tham gia rẽ sóng ra khơi cùng chị đẹp MOANA Moana 2 vui mừng mở thêm suất chiếu đặc biệt ngày 02 & 03122024 để chào đón thêm nhiều thành viên cho hành trình mới đầy thử thách để chinh phục biển cảĐẶT VÉ NGAY: https://bitly/CGVMOANA2Phim có mã P  Dành cho mọi độ tuổi#Moana2 #CGVVietnam #NowShowing,phim
"Liệu anh có bao giờ nghĩ rằng, em không muốn chỉ là “người mẹ quá cố” của một ai đó hay không? Một trong những phân đoạn bùng nổ cảm xúc của Florence Pugh và Andrew Garfield trong bộ phim “suy” nhất rạp hiện tại … Xem thêm",phim
"Mỗi tháng 1 phim kinh dị cực nặng đô, đừng bỏ lỡ màn mukbang tất tần tật với quân đoàn zumbi nhaa~Đặt vé ngay: https://bitly/OUCGV—C/HIẾN ĐỊA T/Ử THI Suất chiếu đặc biệt từ 18h ngày 28/11… Xem thêm",phim
"CUỘC HẸN CUỐI CÙNG VỚI XE BUÝT JUJUTSU KAISEN! Fan hâm mộ đã checkin chưa? Nếu chưa, thì nhanh lên nhé! Chỉ còn 2 ngày cuối thôi đó Săn ngay ly nhân vật Jujutsu Kaisen bạn yêu thích tại CGV để kịp sở hữu những bức ảnh truất lượng cùng tụi tui nha T… Xem thêm",phim
MOANA 2 kì này có định dạng 3D Đeo thêm cái kính mà trải nghiệm hành trình ra khơi trở nên sống động hơn hẳn nè! ĐẶT VÉ NGAY: https://bitly/CGVMOANA2Phim có mã P  Dành cho mọi độ tuổi#Moana2 #CGVVietnam #NowShowing,phim
"'Rockstar' Lisa (Black Pink) cùng dàn diễn viên Võ Sĩ Giác Đấu II:  Paul Mescal, Connie Nielsen và Fred Hechinger xuất hiện cực ngầu trong Giải Đua Xe F1 tại Las Vegas  Las Vegas Grand Prix 2024 Phim vẫn còn đang chiếu tại các rạp  https://bitly/CGVGLADIATORII VÕ SĨ GIÁC ĐẤU II | ĐANG CHIẾU TẠI RẠP#VoSiGiacDauII #GladiatorII",phim
"Dàn trai xinh gái đẹp của Công Tử Bạc Liêu tề tựu tại show diễn thời trang “Ru Hò xự xang xê cống” từ Nhà thiết kế Thuỷ NguyễnSàn diễn thời trang đặc biệt với hơn 60 mẫu trang phục của “Ru Hò xự xang xê cống” được ví như vũ hội thời thượng, chinh phục được những ánh nhìn dù là khó nhằn nhất Với sự giao thoa của những tinh hoa Việt như: Tà áo dài Le Mur, Đờn ca tài tử cùng sự cộng hưởng với thế giới điện ảnh của “Công Tử Bạc Liêu” Công Tử Bạc Liêu  Khởi chiếu tại rạp … Xem thêm",phim
"MUA VÉ NGAY, QUÀ ĐẦY TAY Chi tiết: https://wwwcgvvn/default/newsoffer/blackfriday2024/",phim
Livestream Sự kiện Công Chiếu Phim Điện ảnh Công Tử Bạc Liêu,phim
"Đi dạo mà đụng ngay chiếc xe buýt Jujutsu Kaisen, hội cuồng anime đúng là không thể kiềm lòng được!  Còn ai fan anime như tụi mình không?  Ly đẹp, topper ngầu, thêm hội bạn cùng selfie thì vui hết nấc!  Rủ hội bạn cạ cứng cùng săn ngay bộ topper Jujutsu Kaisen cực chất để không bỏ lỡ cơ hội có được bức ảnh triệu like nhé!#… Xem thêm",phim
Hội bàn cuối giơ tay Đặt vé ngay: https://bitly/CGVTHECOLORSWITHIN Sắc Màu Của Cảm Xúc (tựa gốc: The Colors Within)  Đang chiếu tại rạp#T… Xem thêm,phim
"Trẻ con mới chọn, còn người lớn thì coi hết GÁI NGỐ GẶP MA LẦY  Khởi chiếu ngày 13122024#Gaingogapmalay #CGV #VPICTURES",phim
"LOA, LOA  CÓ QUÀ BẤT NGỜ TẶNG BẠC LIÊU! Sau buổi công chiếu Phim điện ảnh Công Tử Bạc Liêu diễn ra hôm qua, bộ đôi diễn viên Song Luân và Công Dương đã trực tiếp ký tặng lên Standee để cùng CGV gửi chiếc quà đặc biệt này đến bà con khi xem phim tại rạp Bạc Liêu Chương trình tặng Standee cũng sẽ diễn ra tại một số rạp khác, tuy nhiên, riêng tại CGV Vincom Bạc Liêu sẽ là bản STANDEE CÓ CHỮ KÝ TRỰC TIẾP của bộ đôi diễn viên (số lượng có hạn)… Xem thêm",phim
"Bố có đau không?  nghe mà đau, đứt từng đoạn ruột —C/HIẾN ĐỊA T/Ử THI ĐANG CHIẾU TẠI RẠP Đặt vé ngay: https://bitly/OUCGV#Chiendiatuthi #OperationUndead #Nonkul #CJENM #CGVVietnam… Xem thêm",phim
hồi nhỏ xem:                          lớn lên xem:,phim
"Tháng 12 này, Chúa Tể Của Những Chiếc Nhẫn sẽ trở lại màn ảnh rộng với phần anime mới CHÚA TỂ CỦA NHỮNG CHIẾC NHẪN: CUỘC CHIẾN CỦA ROHIRRIM, khởi chiếu 13122024#LOTR #chuatecuanhungchiecnhan #cuocchiencuarohirrim",phim
"NSƯT THÀNH LỘC, NS THANH THUỶ VÀ NSƯT HỮU CHÂU  BỘ BA BẢO CHỨNG CHẤT LƯỢNG CHO CÔNG TỬ BẠC LIÊU Một dự án điện ảnh được những cái gật đầu đồng ý tham gia của các nghệ sĩ gạo cội gọi tên  Công Tử Bạc Liêu Đạo diễn Lý Minh Thắng đã hé lộ những câu chuyện hậu trường thú vị, từ việc ăn ý của bộ ba NSUT Thành Lộc, nghệ sĩ Thanh Thuỷ và NSUT Hữu Châu đến cách mà các nghệ sĩ kỳ cựu tư vấn, chỉnh sửa và góp ý cho thế hệ diễn viên trẻ… Xem thêm",phim
"Chỉ còn 6 ngày nữa thôi, quân đoàn zumbi sẽ đổ bộ rạp Việt, các bạn đã sẵn sàng chưa nàoo~Đặt vé ngay: https://bitly/OUCGV—C/HIẾN ĐỊA T/Ử THI Suất chiếu đặc biệt từ 18h ngày 28/11… Xem thêm",phim
"THẺ QUÀ TẶNG GIÁNG SINH CGV CHÍNH THỨC LÊN KỆ Chào đón Giáng Sinh, CGV tung ra bộ sưu tập Thẻ Quà Tặng CGV Giáng Sinh 2024 đầy màu sắcSố lượng thẻ giới hạn! Đến ngay CGV gần nhất hoặc bật app CGV gửi tặng người thương của bạn Thẻ Quà Tặng CGV phiên bản Giáng Sinh 2024 kèm lời chúc ngọt ngào nhé! Chi tiết: https://wwwcgvvn/default/newsoffer/giftcardchristmas/#CGVV… Xem thêm",phim
"Những người anh em Rohan, những kỵ binh của Rohan, hãy vùng lên và chiến đấu!CHÚA TỂ CỦA NHỮNG CHIẾC NHẪN: CUỘC CHIẾN CỦA ROHIRRIM, khởi chiếu 13122024#LOTR #chuatecuanhungchiecnhan #cuocchiencuarohirrim",phim
Ra rạp xem phim đừng quên mang ly Wicked phép thuật về nhà nhe mấy bà Chị đẹp An Giang xinh như búp bê barbie luôn á~*Ly Wicked 2 ngăn có mặt trên toàn quốc: bitly/wickedcombo#CGV #CGVCinemas #Wicked,phim
"BLACK CORN ĐÂY 2024Chương trình tiếp theo chính là MUA 01 TẶNG 01 cực kì hấp dẫn!!!Nhưng chưa hết đâu, vẫn còn 01 món quà chấn động sẽ tiết lộ vào ngày mai đó nha!!#CGV #CGVCinemas #BlackFridayComingsoon",phim
Dăm ba câu thả thính sao dính bằng trailer mới nhất của bà chúa nghịch ngợm Choi Jadoo Cùng đếm ngược đến ngày Xin Chào Jadoo: Bí Mật Đảo Jeju chính thức ra rạp nha!XIN CHÀO JADOO: BÍ MẬT ĐẢO JEJU | Dự Kiến Khởi Chiếu: 112025Phim dành cho khán giả mọi lứa tuổi#… Xem thêm,phim
Người có profile chất nhất Công Tử Bạc Liêu:  Cậu Ba Hơn Cô Sáu Cô Sáu  vai diễn điện ảnh thứ 8 của Kaity Nguyễn sẽ là con gái út của ông Hội đồng Lịnh và là em gái cưng của cậu Ba Hơn Đây sẽ là nhân vật không chỉ đóng vai trò gắn kết trong gia đình mà còn tạo dấu ấn riêng với nét tính cách trong trẻo và phong cách biến hóa đa dạng… Xem thêm,phim
"[Góc bóc túi mù từ Studio Ghibli] Giáng sinh này, CGV có một bất ngờ đặc biệt dành tặng bạn: không những 1 mà tận 4 siêu phẩm từ Studio Ghibli sẽ được trình chiếu trên màn ảnh rộng!  Dù chưa thể tiết lộ ngay, nhưng bạn có đoán được đó là những tác phẩm kinh điển nào không? Comment ngay tên những bộ phim mà bạn muốn xem nhất và cùng chờ đón món quà điện ảnh tuyệt vời này nhé! #Gh… Xem thêm",phim
"SIÊU HỘI BLACK FRIDAY TẠI CGV CHÍNH THỨC BẮT ĐẦU DUY NHẤT 3 NGÀY TỪ 2911  1122024 Giá vé xem phim 2D, rạp tiêu chuẩn chỉ từ 55000Đ, áp dụng trong 3 ngày cuối tuần Mua Thẻ quà tặng/ eGift mệnh giá 500000Đ tặng ngay coupon giảm giá 100000Đ Mua… Xem thêm",phim
WICKED thật sự bùng nổ! Đừng bỏ lỡ ứng cử viên cực nặng ký cho Oscar năm sau! Đặt vé ngay: https://bitly/CGVWICKED WICKED | Khởi chiếu tại rạp: 22112024 #WickedMovie #PhimWicked,phim
CHỈ CÒN 1 NGÀY DUY NHẤT ĐỂ ENJOY NHỮNG ƯU ĐÃI HẤP DẪN TỪ BLACK CORN ĐÂY Combo mua 1 tặng 1 vẫn chưa hạ nhiệt với hàng ngàn Phiếu đổi vé xem phim hoặc Thẻ quà tặng trị giá 100000 VNĐ cực hấp dẫnKhung giờ vàng nóng hổi nhận ngay 01 Bắp THANK YOU giòn tan khi có vé xem phim có các xuất chiếu kết thúc vào khung giờ 12:0013:00 và 17:0018:00 áp dụng tại tất cả các cụm rạp… Xem thêm,phim
Nếu bạn đang tìm cho mình một bộ phim để chữa lành thì The Colors Within sẽ là sự lựa chọn vô cùng thích hợp đấy Sắc Màu Của Cảm Xúc (tựa gốc: The Colors Within)  Đang chiếu tại rạp#TheColorsWithin #SacMauCuaCamXuc #YamadaNaoko,phim
CÔNG TỬ BẠC LIÊU CHÍNH THỨC ĐÍNH CHÍNH NHỮNG GIAI THOẠI TRUYỀN MIỆNG VỀ CUỘC ĐỜI MÌNH TRONG PHIM ĐIỆN ẢNH CÙNG TÊNĐặt vé và ra rạp xem ngay để biết giai thoại nào trong đời cậu mới là tin  real ! Công Tử Bạc Liêu  Khởi chiếu tại rạp 06122024… Xem thêm,phim
"Hết ”kéo cưa lừa xẻ” rồi lại đến đạp đinh, xem trailer thôi mà đã thấy thốn cái chân rồi đó Trailer mà cỡ zị thì ra rạp nó cỡ nào nữa? QUỶ TREO ĐẦU  Chính thức khởi chiếu: 29112024#QuyTreoDau #ComingSoon",phim
"Nối tiếp thành công của Dáng Hình Thanh Âm, tác phẩm anime tiếp theo của đạo diễn Yamada Naoko đã nhận được vô số lời khen từ giới phê bình cho phần nội dung và đồ họa siêu đẹp   Sắc Màu Của Cảm Xúc (tựa gốc: The Colors Within)  Đang chiếu tại rạp#TheColorsWithin #SacMauCuaCamXuc #YamadaNaoko",phim
Leo cây có thể không giỏi nhưng sáng tạo nội dung thì Ozi số 2 thì không ai số 1 Đặt vé ngay: https://bitly/CGVOZIOZI: PHI VỤ RỪNG XANH | ĐANG CHIẾU TẠI RẠPPhim dành cho khán giả mọi lứa tuổi#Ozi… Xem thêm,phim
"CHỈ VỚI 4 BƯỚC ĐƠN GIẢN LÀ MUA NGAY VÉ CGV TỪ 84K TRÊN CÁC APP NGÂN HÀNG* VÀ VÍ VNPAYĐăng nhập App ngân hàng hoặc Ví VNPAY, chọn tính năng  Đặt vé xem phim Chọn phim, chọn rạp CGVChọn suất chiếu và ghế ngồiChọn mã giảm giá và tiến hành thanh toán… Xem thêm",phim
Ai nói Cậu Ba Trần Đắc Hơn chỉ có biết ăn chơi hưởng lạc là ổng giận đó nghen  Đặt vé xem ngay Công Tử Bạc Liêu để biết đời cậu Ba còn nhiều điều thú vị khác! Công Tử Bạc Liêu  Khởi chiếu tại rạp 06122024 Vé hiện tại mở bán tại: https://bitly/CGVCONGTUBACLIEU #Phi… Xem thêm,phim
"Cậu có muốn tham gia cùng bọn tớ không? Một câu hỏi vô tình nhưng lại giúp ba con người kết nối lại với nhau, cùng chia sẻ tình bạn và những bí mật thầm kínLink đặt vé: https://bitly/CGVTHECOLORSWITHIN… Xem thêm",phim
"Tuần này, cánh cổng của thế giới phép thuật rộng cửa chào đón tất cả khán giả mọi lứa tuổi Những ai dưới 13 tuổi hãy đi cùng Bố Mẹ hoặc người bảo hộ nhaaa  Đặt vé ngay tại đây: https://bitly/CGVWICKED WICKED đang chiếu tại rạp",phim
ĐẾN HẸN LẠI LÊN  CGV CULTURE DAY LẠI ĐẾN !!!  Ra rạp CGV vào Thứ Hai cuối cùng của Tháng  25/11/2024 để tận hưởng ưu đãi   ngay nào cả nhà ơi! PHIM HAY RẠP TIÊU CHUẨN CHỈ TỪ 50K TRẢI NGH… Xem thêm,phim
"Khi thanh tra mẫn cán Big Nick hóa gangster lẫy lừng Bom tấn hành động đầu tiên của năm 2025 gọi tên NHỮNG KẺ BẤT BẠI 2: PANTERA, với sự trở lại của tài tử Gerard Butler Dự kiến khởi chiếu 10012025#DenofThieves2 #NhungKeBatBai #GerardButler",phim
"TÚI MÙ  ĐẦU TIÊN ĐÃ ĐƯỢC XÉ TẠI CGVBLACK FRIDAY 2024: MUA 1 THẺ QUÀ TẶNG, TẶNG NGAY 1 COUPON 100,000ĐMùa ưu đãi lớn nhất năm đã đến! Từ nay, khi mua Thẻ quà tặng/eGift từ 500,000Đ, bạn sẽ nhận ngay 01 Coupon giảm 100,000Đ cho lần xem phim kế tiếp Săn ngay kẻo hết! … Xem thêm",phim
"Thế giới Chúa Nhẫn bản điện ảnh và bản anime đều mang đến một xứ Trung Địa đẹp tuyệt vời và hùng vĩCHÚA TỂ CỦA NHỮNG CHIẾC NHẪN: CUỘC CHIẾN CỦA ROHIRRIM, khởi chiếu 13122024#LOTR #chuatecuanhungchiecnhan #cuocchiencuarohirrim",phim
"Thêm vía giàu sang vào góc làm việc với bộ đôi  Hắc Bạch công tử  Sưu tập ngay! Khi mua 2 vé xem phim Công Tử Bạc Liêu, được tặng 01 Standee lưu niệm phim Tặng quà từ 6/12 và kết thúc sớm khi hết quà tặng… Xem thêm",phim
100 cuộc gọi nhỡ đến từ mẹ (( Đặt vé ngay: https://bitly/CGVOZIOZI: PHI VỤ RỪNG XANH | ĐANG CHIẾU TẠI RẠP#Oziphivurungxanh,phim
"GÓC Ú ÒA CỰC CUỐN: LAY’S LẠI MANG QUÀ ĐẾN CGV Cả nhà ơi, Lay’s lại chơi lớn khi mang đến trải nghiệm vừa “lai rai giòn ngon” vừa thưởng thức phim bom tấn cực kì hấp dẫn đây! Chỉ cần mua 1 vé xem phim tại CGV, bạn sẽ được tặng ngay 1 gói Lay’s giòn rụm để tăng độ “cuốn” khi xem phim Phải nói là quá hấp dẫn đúng không nè!  … Xem thêm",phim
"Ưu điểm: Là ma được hù người khácNhược điểm: Yếu nghề, hù lúc sợ lúc khôngGÁI NGỐ GẶP MA LẦY  Khởi chiếu ngày 13122024#Gaingogapmalay #CGV #VPICTURES",phim
"[STARBUCKS x CGV] Xem phim xong, uống Starbucks ngay! Chỉ cần 1 điểm CGV – 24K giảm giá toàn bộ menu Nhanh tay săn ngay ưu đãi độc quyền từ CGV và Starbucks!CGV và Starbucks kết hợp mang đến ưu đãi siêu hấp dẫn: chỉ với 01 điểm CGV, bạn sẽ nhận ngay voucher giảm 24000 VNĐ áp dụng cho toàn bộ menu tại tất cả các cửa hàng Starbucks trên toàn quốc Một cơ hội tuyệt vời để thưởng thức những món đồ uống yêu thích với mức giá siêu ưu đãi!… Xem thêm",phim
Quay đi quay lại 8 năm cái tự nhiên bị đồn có con Hành Trình Của Moana 2  Dự kiến khởi chiếu 29112024#Moana2 #CGVVietnam #ComingSoon,phim
Sắc Màu Của Cảm Xúc vẫn đang đợi bạn tại rạp nhé! Sắc Màu Của Cảm Xúc (tựa gốc: The Colors Within)  Đang chiếu tại rạp#TheColorsWithin #SacMauCuaCamXuc #YamadaNaoko,phim
Đi xem phim GIA ĐÌNH HOÀN HẢO:Ưu điểm: có  cặp đôi sóng thần  Sul KyungGu và Kim Heeae đóng Nhược điểm: thích “xã giao”… Xem thêm,phim
"NHÓC QUẬY VÀ SỰ TỔ HỢP ĐỈNH NÓC, KỊCH TRẦN KHÔNG NGỜ ĐẾN Cho ai thấy cậu bé này vừa quen vừa lạ thì đây chính là sự kết hợp tuyệt vời của thông minh,  báo thủ  và yêu thương gia đình Cùng chờ xem đến 0612 Nhóc Quậy sẽ báo như thế nào trong Khu Rừng Kỳ Diệu nha  Nhóc Quậy Và Khu Rừng Kỳ Diệu | Dự kiến khởi chiếu: 06122024#i… Xem thêm",phim
"The Colors Within chính là một bức tranh đầy tươi sáng về tuổi trẻ, sự trưởng thành, nỗi buồn và niềm vui trong cuộc sống của mỗi chúng ta đều phải trải qua trong đời Cùng ra rạp thưởng thức tuyệt phầm này bạn nhé Đặt vé ngay: https://bitly/CGVTHECOLORSWITHIN Sắc Màu Của Cảm Xúc (tựa gốc: The Colors Within)  Đang chiếu tại rạp#… Xem thêm",phim
"Từ lúc thành zumbi cái ít tắm hẳn, bảo sao da dẻ xấu quá chờiiii Đặt vé ngay: https://bitly/OUCGV—C/HIẾN ĐỊA T/Ử THI Suất chiếu đặc biệt từ 18h ngày 28/11… Xem thêm",phim
Kiệt tác điện ảnh dành cho mọi độ tuổi Dưới 13 tuổi đừng quên đi cùng ba mẹ hoặc người giám hộ nha  Chắc chắn phải xem: https://bitly/CGVWICKED WICKED | Đang chiếu tại rạp #WickedMovie #PhimWicked,phim
"Từng làm mưa làm gió với mẫu áo dài  Cô Ba Sài Gòn  trong bộ phim cùng tên, NTK Thuỷ Nguyễn tiếp tục lăng xê một trào lưu áo dài mới trong Công Tử Bạc Liêu  áo dài LemurĐược khởi xưởng từ Hà Nội bởi hoạ sĩ Nguyễn Cát Tường, áo dài Lemur không chỉ là biểu tượng cho câu chuyện cải cách y phục của phụ nữ Việt Nam, đồng thời mang đến thông điệp nữ quyền khi phụ nữ có quyền lên tiếng thay đổi và chọn cho mình trang phục họ muốnCông Tử Bạc Liêu  Khởi chiếu tại rạp 061220… Xem thêm",phim
"Bạn muốn được thỏa thích hát theo những giai điệu trong WICKED mà không phiền đến những người xung quanh?Chủ nhật tuần này, tại CGV Landmark sẽ có suất chiếu dành riêng cho những ai có đam mê này Đặc biệt hơn, phòng chiếu còn có nhóm nghệ sĩ nhạc kịch đến từ Impact Theatre Saigon Đừng bỏ lỡ cơ hội hát cùng nhau và đắm chìm vào xứ sở phù thủy đầy mãn nhãn này nhé! Link đặt vé: https://bitly/CGVWICKED WICKED | Đang chiếu tại rạp #WickedMovie #PhimWicked",phim
Cậu Ba giàu có nhưng cậu Ba không quan tâm vì cậu Ba là một công tử thư giãn Ra rạp ngay để xin vía người giàu vô lo của cậu Ba thui! Công Tử Bạc Liêu  Khởi chiếu tại rạp 06122024 Vé hiện tại mở bán tại: https://bitly/CGVCONGTUBACLIEU#P… Xem thêm,phim
"BLACK CORN ĐÂY 2024 Cơ hội duy nhất trong năm, không những đồng giá còn thêm bắp nước siêu đỉnh từ CGV!Bạn đã sẵn sàng chưa? Nhớ dõi CGV để không bỏ lỡ nhé!#CGV #CGVCinemas #BlackFridayComingsoon",phim
"CÔNG TỬ BẠC LIÊU MỜI BẠN RA RẠP CHƠI LỚN CHƠI TRÒ GÌ ĐẶT VÉ NGAY SẼ BIẾT Ở đây chúng tôi nói không với nghe đồn nghe nói, muốn biết chuyện đời của tay chơi ngông đời đầu nổi tiếng bậc nhất tại Nam Kỳ Lục Tỉnh có bao nhiêu rực rỡ phóng khoáng xin mời đặt vé xem ngay tại màn ảnh rộng vào 06122024  … Xem thêm",phim
Đại đi Giờ này mà còn đắn đo j nữa  … Xem thêm,phim
"NGỌC TRINH QUAY LẠI MÀN ẢNH RỘNG VỚI DỰ ÁN PHIM CHỊ DÂU ẤN ĐỊNH NGÀY KHỞI CHIẾU 20/12/2024Sau một thời gian dài, kể từ “Chị chị em em 2”, cuối cùng Ngọc Trinh cũng đã quay lại góp mặt trong một dự án phim điện ảnh mang tên Chị Dâu  ấn định ngày khởi chiếu 20/12/2024 Liệu lần này, Ngọc Trinh sẽ hóa thân thành phiên bản nào? Cùng đón chờ bàn tiệc kịch tính nhất mùa lễ này nhé!… Xem thêm",phim
"Chúa Tể Của Những Chiếc Nhẫn: Cuộc Chiến Của Rohirrim được sản xuất bởi Warner Bros, hãng phim đứng sau 6 phần phim Chúa Nhẫn và Người HobbitPhim khởi chiếu tại rạp từ 13122024Phim không dành cho khán giả dưới 13 tuổi#lotr #chuatecuanhungchiecnhan #cuocchiencuarohirrim",phim
Phòng chiếu IMAX tại CGV sẵn sàng đợi bạn đến tham gia rẽ sóng ra khơi cùng chị đẹp MOANA Moana 2 vui mừng mở thêm suất chiếu đặc biệt ngày 02 & 03122024 để chào đón thêm nhiều thành viên cho hành trình mới đầy thử thách để chinh phục biển cảĐẶT VÉ NGAY: https://bitly/CGVMOANA2Ph… Xem thêm,phim
Người dùng iOS: Hey Siri! Người mập mờ: Hey Sí Rịt!#CGV #CGVCinemas #Comingsoon,phim
"NHẬP “CAPCAP” ĐỂ ĐƯỢC ZUMBI TẶNG 15K!  Cuối tuần này các bạn đã sẵn sàng đón chào siêu phẩm Zumbi đến từ Thái Lan chưa ạ? Đặt vé sớm để sở hữu cho mình một chiếc ghế đẹp tại CGV Cinemas, đừng quên nhập mã “CAPCAP” tại bước thanh toán để được giảm trực tiếp 15K vào giá vé nè! Suất chiếu của Chiến Địa Tử Thi tại rạp CGV Cinemas hiện đã đầy đủ trên MoMo! Đặt vé ngay từ hôm nay bạn nhé!— Một chạm có vé: https://bitly/MoMoCDTT #CG… Xem thêm",phim
"Lần trở lại hoành tráng khi Thu Trang tự mình cân cả vai trò nhà sản xuất và đạo diễn gia nhập đường đua phòng vé phim Tết, đối đầu với loạt bom tấn trong mùa tết 2025  Nụ Hôn Bạc Tỷ | Dự kiến khởi chiếu: Mùng 1 Tết 2025 #NuHonBacTy #PhimNuHonBacTy #nhbt #ThuTrangEntertainment #VPictures #CGV #TetNguyenDan  #PhimTet2025",phim
"Đặc điểm của những nữ chiến binh ở Rohan: Mạnh mẽ & Dũng cảmCHÚA TỂ CỦA NHỮNG CHIẾC NHẪN: CUỘC CHIẾN CỦA ROHIRRIM, khởi chiếu 13122024#LOTR #chuatecuanhungchiecnhan #cuocchiencuarohirrim",phim
Tom Cruise sẽ trở lại màn ảnh rộng mùa hè năm sau!NHIỆM VỤ: BẤT KHẢ THI  NGHIỆP BÁO CUỐI CÙNG | Dự Kiến Khởi Chiếu: 23052025#NhiemVuBatKhaThi #MissionImpossible,phim
"Nhược điểm lấn hết ưu điểm Xin giới thiệu phản diện chính của Chúa Nhẫn anime: Wulf  con trai lãnh chúa xứ DunlandCHÚA TỂ CỦA NHỮNG CHIẾC NHẪN: CUỘC CHIẾN CỦA ROHIRRIM, khởi chiếu 13122024#… Xem thêm",phim
"Lấy tiền lẹ đi nè CHÚA TỂ CỦA NHỮNG CHIẾC NHẪN: CUỘC CHIẾN CỦA ROHIRRIM, khởi chiếu 13122024#LOTR #chuatecuanhungchiecnhan #cuocchiencuarohirrim",phim
"BLACK CORN TỚI ĐÂY!    Deal hot mùa đông nay đã có mặt tại CGV Chỉ 3 ngày duy nhất, từ 2811  3011Giờ vàng nhận ngay 01 Bắp THANK YOU khi có vé xem phim có các suất chiếu kết thúc vào khung giờ 12:0013:00 và 17:0018:00 tại tất cả các cụm rạp F… Xem thêm",phim
"X Á C SỐNG TRÀN RẠP, KHÁN GIẢ VIỆT RÙNG MÌNH KHI XEM C/H/IẾ/N ĐỊA T/Ử THI Những phản ứng nóng hổi đầu tiên của các khán giả ra rạp săn zumbi Phim kinh dị Thái Lan cưc kỳ gay cấn, giật gân và không thiếu sự đẹp trai cho tháng 11 này Nhanh chân ra rạp để trải nghiệm những màn mukbang ám ảnh cùng bầy zumbi Thái Lan nha!!—C/HIẾN ĐỊA T/Ử THI Suất chiếu đặc biệt từ 18h ngày 28/11… Xem thêm",phim
"Điều gì ở dự án điện ảnh Công Tử Bạc Liêu đã hấp dẫn dàn diễn viên gạo cội NSUT Thành Lộc, nghệ sĩ Thanh Thuỷ và NSUT Hữu Châu?Công Tử Bạc Liêu  Khởi chiếu tại rạp 06122024 Vé sắp mở bán! #PhimCongTuBacLieu #CongTuBacLieu #CTBL #CGV #VPICTURES #LyMinhThang #XuongPhimMauHong #SongLuan #ThienAn #KaityNguyen #NSUTThanhLoc #NSThanhThuy #NSUTHuuChau",phim
12 GIỜ ĐÃ ĐIỂM  LINH MIÊU  CHÍNH THỨC TUNG THÊM 10000 VOUCHER CỰC CHILL Thức khuya có ngày nhận ưu đãi KHÔNG THỂ BỎ LỠ Mu… Xem thêm,phim
CẬN CẢNH CHIẾC VÍ ĐỰNG THẺ TÁI CHẾ TỪ MÀN CHIẾU CGV  Quá ư là xịn xò và độc đáo Còn chần chừ gì nữa mà không ghé rạp Cê để sở hữu em nó ngay! Cách thức rước ẻm về thì mời cả nhà ghé đây nha: https://wwwcgvvn/default/newsoffer/cgvdienanhxanh/#C… Xem thêm,phim
"Hơi nọng  RM: Right People, Wrong Place Dự kiến khởi chiếu: 05122024B… Xem thêm",phim
Chưa có lương sao mà hay rủ ghê à… Xem thêm,phim
"Ly nước Moana 2 đã có mặt ở tất cả các rạp CGV trên toàn quốc, mang đại dương xanh biếc về nhà ngay hôm nay!*Xem thông tin sản phẩm tại: https://wwwcgvvn/default/newsoffer/cgvmoana2combo/#CGV #CGVCinemas #Moana2",phim
"Phù thuỷ Saruman sẽ xuất hiện trong Chúa Tể Của Những Chiếc Nhẫn: Cuộc Chiến Của Rohirrim, mang giọng nói quen thuộc của cố diễn viên Christopher Lee trở lại với khán giả CHÚA TỂ CỦA NHỮNG CHIẾC NHẪN: CUỘC CHIẾN CỦA ROHIRRIM, khởi chiếu 13122024#LOTR #chuatecuanhungchiecnhan #cuocchiencuarohirrim",phim
Queen Never Cry CHÚA TỂ CỦA NHỮNG CHIẾN NHẪN: CUỘC CHIẾN CỦA ROHIRRIM khởi chiếu tại rạp từ 13122024#lotr #chuatecuanhungchiecnhan #cuocchiencuarohirrim,phim
NHÓC QUẬY MỚI DEBUT MÀ TOÀN BIỆT DANH “THỨ DỮ” Tên chỉ có một chứ biệt danh thì nhiều vô số kể  Ai đồng hoàn cảnh với Nhóc Quậy giơ tayy nè mấy bà  Nhóc Quậy Và Khu Rừng Kỳ Diệu | Dự kiến khởi chiếu: 06122024#in… Xem thêm,phim
Cuối tháng hết tiền tôi vẫn tới CGV xem Linh Miêu vì tôi là Chill guy U22 Chill guys và chill girls check chi tiết chính sách giá U22 tại đây để  chill  hết nấc với Linh Miêu nhá: https://bitly/QuyenloiU22… Xem thêm,phim
Sự hỗn loạn chuẩn bị bắt đầu NHÍM SONIC 3 | Dự Kiến Khởi Chiếu: 27122024#NhimSonic3 #SonicMovie3,phim
Bên cồn sao đám giỗ quài dzậyNhưng mà nhớ dắt vợ chồng con cái qua nhà bà Hai Nhị ăn đám giỗ nghennnnn ___Cuộc chiến Chị Dâu  Em Chồng không hồi kết… Xem thêm,phim
"Lần đầu tiên tại CGV, combo đỉnh chóp vừa có bắp rang vừa có snack vị tôm nướng giòn tan Chớp ngay ưu đãi miễn phí đổi vị bắp lắc Masita trong combo, từ nay đến hết ngày 04/12/2024*Sản phẩm có ở duy nhất tại 02 cụm rạp CGV Vincom Landmark và CGV Pearl Plaza*… Xem thêm",phim
Bộ ba siêu kute của The Colors Within đang có màn trình diễn đầy sắc màu tại rạp Nhanh chóng đặt vé bạn nhé Đặt vé ngay: https://bitly/CGVTHECOLORSWITHIN Sắc Màu Của Cảm Xúc (tựa gốc: The Colors Within)  Đang chiếu tại rạp#… Xem thêm,phim
Một sợi dây liên hệ mật thiết Một chuyến phiêu lưu huyền thoại Xem ngay trailer BÍ KÍP LUYỆN RỒNG phiên bản liveaction!BÍ KÍP LUYỆN RỒNG | Dự kiến khởi chiếu: 13062025 #HowToTrainYourDragon #BiKipLuyenRong,phim
NHANH TAY VỢT NGAY THẺ QUÀ TẶNG GIÁNG SINH CGVTrọn bộ Thẻ Quà Tặng CGV phiên bản Giáng Sinh 2024 đang chờ bạn đến rướcSố lượng thẻ giới hạn! Đến ngay CGV gần nhất hoặc bật app CGV gửi tặng người thương của bạn Thẻ Quà Tặng CGV phiên bản Giáng Sinh 2024 kèm lời chúc ngọt ngào nhé! Chi … Xem thêm,phim
"Căn bệnh quái ác có thể khiến cuộc sống của Almut thay đổi nhiều, nhưng không thể thay đổi con người cô Almut vẫn là người phụ nữ mạnh mẽ, tràn đầy mong ước, không chấp nhận thất bại hay gục ngã trước khó khăn  NGÀY TA ĐÃ YÊU, siêu phẩm lãng mạn xúc động nhất cuối năm 2024  Đang chiếu tại rạp… Xem thêm",phim
Vô vàn sắc thái xinh đẹp của Thiên Ân khi làm bánh mì trong Nụ Hôn Bạc Tỷ  Nụ Hôn Bạc Tỷ | Dự kiến khởi chiếu: Mùng 1 Tết 2025#NuHonBacTy #PhimNuHonBacTy #nhbt #ThuTrangEntertainment #VPictures #CGV #TetNguyenDan #PhimTet2025,phim
TỚI GÒI TỚI GÒI! TÁC PHẨM ĐỈNH CAO CỦA STUDIO GHIBLI  HOWL'S MOVING CASTLE CHÍNH THỨC RA RẠP VÀO THÁNG 12 Các fan đã sẵn sàng chiêm ngưỡng tòa lâu đài di động đầy mê hoặc và bước vào hành trình kỳ ảo cùng Howl và Sophie chưa nè? Đừng bỏ lỡ cơ hội trải nghiệm bộ phim với chất lượng hình ảnh và âm thanh cực xịn tại rạp nhé! Hôm trước ai nói muốn gặp chồng iu Howl đâu nào? Chuẩn bị tới công chuyện nhaaa… Xem thêm,phim
Phi vụ lớn nhất hè 2025 đang tới rồi đây Xem ngay trailer BĂNG ĐẢNG QUÁI KIỆT 2!BĂNG ĐẢNG QUÁI KIỆT 2 | Dự kiến khởi chiếu: 01082025 #TheBadGuys2 #BangDangQuaiKiet2,phim
"MANG THEO  VẬT PHẨM  CHÚA NHẪN, NHẬN NGAY CƠ HỘI XEM TRƯỚC BỘ PHIM  CHÚA TỂ CỦA NHỮNG CHIẾC NHẪN: CUỘC CHIẾN CỦA ROHIRRIM  Tháng 12 này, hãy cùng trở về với xứ Trung Địa, lật mở một giai thoại hào hùng về quãng thời gian đầy hỗn loạn của Vương quốc Rohan trong bom tấn màn ảnh được trông đợi nhất dịp cuối năm  Chúa Tể Của Những Chiếc Nhẫn: Cuộc Chiến Của Rohirrim   Chi tiết sự kiện: Th… Xem thêm",phim
"Có ai checkin với chiếc ly độc lạ xứ Oz này chưa? Đặc biệt là ống hút có thể mở/khóa ở từng ngăn để thay đổi vị nước uống, lần đầu có mặt tại CGV, bỏ lỡ là tiếc lắm nhaaa!*Săn ly thì vào đây nè: bitly/wickedcombo… Xem thêm",phim
KAITY NGUYỄN CHỌN SONG LUÂN LÀ BẠN DIỄN NAM CÓ CHEMISTRY TỐT NHẤT TRONG SỐ CÁC PHIM ĐIỆN ẢNH TỪNG THAM GIA Xem ngay video để nghe nữ hoàng phòng vé GenZ  Kaity Nguyễn chia sẻ về quá trình hoá thân thành nhân vật 'Cô Sáu cho dự án điện ảnh Công Tử Bạc Liêu cùng chemistry về  anh Ba  Song Luân nhé!  Công Tử Bạc Liêu  Khởi chiếu tại rạp 06122024#Ph… Xem thêm,phim
"Zumbi Thái Lan chính thức đổ bộ rạp Việt, mang đến nỗi ám ảnh với những pha mukbang kinh dị! Nhanh chân ra rạp thưởng thức bữa tiệc mukbang kinh dị này thôi!—C/HIẾN ĐỊA T/Ử THI CHÍNH THỨC KHỞI CHIẾU TẠI RẠP Đặt vé ngay: https://bitly/OUCGV… Xem thêm",phim
"LỄ BẾ MẠC VÀ CÔNG CHIẾU PHIM CỦA TOP 5 ĐẠO DIỄN XUẤT SẮC NHẤT DỰ ÁN PHIM NGẮN CJ 2024Sau 8 tháng đồng hành, 5 đạo diễn trẻ gần như hoàn thành chặng đường tại Dự án phim ngắn CJ mùa 5 Đó cũng là lúc sự kiện quan trọng nhất trong năm, Lễ Bế mạc và công chiếu Dự án phim ngắn CJ 2024 chính thức trở lại Cả 5 đạo diễn xuất sắc sẽ góp mặt tại sự kiện bế mạc và mang đến cho khán giả phim ngắn đã hoàn thành:… Xem thêm",phim
"NGƯỜI BẠN ĐỜI CỦA TÔI ĐÂU RỒI???Có ai đang đi tìm  người bạn đời  giống chú rể Quang không ạ? Biết đâu mình tìm thấy nhau khi cùng đi xem Cu Li Không Bao Giờ Khóc  Cu Li Không Bao Giờ Khóc là một cuốn phim lãng mạn, day dứt về hai người phụ nữ Việt tại hai thời điểm khó khăn khác nhau trong cuộc đời họ… Xem thêm",phim
"CHẠM NAPAS NHẬN ƯU ĐÃI, COMBO BẮP NƯỚC THOẢI MÁI!” Khuyến mãi đặc biệt: TẶNG NGAY 1 CGV COMBO cho giao dịch từ 190000 VND  chỉ có khi thanh toán bằng thẻ NAPAS! Từ ngày 2/12/2024 đến 31/3/2025, với giao dịch từ 190000 VND khi khách hàng thanh toán trực tiếp bằng thẻ NAPAS tại bất kỳ quầy vé CGV nào, bạn sẽ được tặng ngay CGV Combo siêu hấp dẫn gồm 2 nước lớn và 1 bỏng lớn  Chỉ cần thẻ ngân hàng của bạn có đầu số 9704 và logo NAPAS … Xem thêm",phim
"[HOUSE OF LUGGAGE x CGV] ĐỘC QUYỀN GIẢM 100K  SĂN VALI HÀNG HIỆU CHỈ VỚI 5 ĐIỂM CGVCGV đồng hành cùng House Of Luggage tung ưu đãi độc quyền, chỉ với 5 điểm tích CGV đổi ngay voucher giảm 100000 VNĐ cho đơn hàng VALI  BALO  TÚI XÁCH  ĐỒNG HỒ  DAO ĐA NĂNG  PHỤ KIỆN DU LỊCH bất kỳ tại hệ thống cửa hàng House Of Luggage Thời hạn đổi voucher: 22/11/2024  22/02/2025 Nhanh tay săn ngay ưu đãi độc quyền!… Xem thêm",phim
"Con số gì đây con số gì đây  RM: Right People, Wrong Place Dự kiến khởi chiếu: 12122024… Xem thêm",phim
"Thái Lan nhiều cộng tươi quá chời, cuối tuần sau ra rạp để gặp thêm 2 cộng tươi tẻn tẻn nữa nha mọi người ơii! Mại dzô, mại dzô~~Đặt vé ngay: https://bitly/OUCGV—C/HIẾN ĐỊA T/Ử THI Suất chiếu đặc biệt từ 18h ngày 28/11… Xem thêm",phim
Pha bắt ma gọi hồn độc lạ nhất Thái Lan  Phải coi lại sub chứ không lại nghe những từ lạ—C/HIẾN ĐỊA T/Ử THI ĐANG CHIẾU TẠI RẠP  Đặt vé ngay: https://bitly/OUCGV#… Xem thêm,phim
Nhất định phải xem!! Đặt vé tại đây nha: https://bitly/CGVWICKED WICKED đang chiếu tại rạp #PhimWicked #WickedMovie,phim
"CHỊ EM TUI TỚI RỒI NÈEEEE Nhìn 5 gương mặt này, đố quý vị, ai hỗn nhất?Xin mời 20122024 ghé ăn đám giỗ để tìm lời giải đáp nho ___Cuộc chiến Chị Dâu  Em Chồng không hồi kếtCHỊ… Xem thêm",phim
THỨ TƯ VUI VẺ  ƯU ĐÃI BẤT NGỜ  NHỚ ĐỪNG BỎ LỠ!!! Mỗi Thứ Tư hàng tuần cùng xem phim hay rạp xịn với giá vé siêu hời tại CGV! Thưởng thức rạp tiêu chuẩn chỉ từ 55000 đồng… Xem thêm,phim
"Đôi bạn thân của tui ơi, đứng dậy ra rạp CGV mua 2 vé xem phim WICKED bằng card bo góc đi để được giảm 30 liền nha… Xem thêm",phim
"Trải nghiệm tình bạn đầy diệu kì của Glinda & Elphaba tại Phòng chiếu ScreenX với màn hình mở rộng 270 độ Phim dán nhãn K, dành cho mọi lứa tuổi và dưới 13 tuổi phải đi cùng người giám hộ! Đặt vé ngay: https://bitly/CGVWICKED WICKED | Khởi chiếu tại rạp: 22112024 #WickedMovie #PhimWicked #NowShowing #CGVVietnam",phim
Liveaction truyền cảm hứng nhất dịp cuối năm đã CHÍNH THỨC KHỞI CHIẾU  Ra CGV để vừa tiếp lửa đam mê vừa được nhận card xinh phiên bản giới hạn nhé   https://bitly/CGVBLUEPERIOD*Dành cho người xem từ 16 tuổi trở lên (T16)#CGV #CGVVietNam #blueperiod #gordonmaeda #fumiyatakahashi,phim
Bà con đoán xem xinh đẹp yêu kiều cỡ cô Bảy Loan có giữ chân được Hắc Công Tử hay không?  Chuyến này cờ đỏ liệu có chuyển xanh? Công Tử Bạc Liêu  Khởi chiếu tại rạp 06122024 Vé hiện tại mở bán tại: https://bitly/CGVCONGTUBACLIEU#PhimC… Xem thêm,phim
Trong khi Linh Miêu đang tung hoành ở rạp thì có chiếc mèo cam đang chờ tới lượt debut MÈO  BÊ THA  Khởi chiếu 06122024#anzughostcat #comingsoon #CGVVietnam,phim
BỘ SƯU TẬP THẺ QUÀ TẶNG GIÁNG SINH LÊN KỆ CGV TOÀN QUỐC Số lượng thẻ giới hạn! Đến ngay CGV gần nhất hoặc bật app CGV gửi tặng người thương của bạn Thẻ Quà Tặng CGV phiên bản Giáng Sinh 2024 kèm lời chúc ngọt ngào nhé! Chi tiết: https://wwwcgvvn/default/newsoffer/giftcardchristmas/#CGVVietnam #CGVXmasGiftCard2024 #TheQuaTangGiangSinhCGV2024 #NowAvailable,phim
"Chúa Tể Của Những Chiếc Nhẫn: Cuộc Chiến Của Rohirrim sẽ có sự xuất hiện của một vài cameo, những nhân vật đã từng xuất hiện trong bộ ba phần Chúa Nhẫn  CHÚA TỂ CỦA NHỮNG CHIẾC NHẪN: CUỘC CHIẾN CỦA ROHIRRIM, khởi chiếu 13122024#LOTR #chuatecuanhungchiecnhan #cuocchiencuarohirrim",phim
"Đưa nhỏ bạn  ăn gì cũng được  ra CGV, đứng lựa một lúc là thấy nó bê nguyên menu hot food đi mukbang tại rạp Ktaste menu: Mandu đẫy đà nhân thịt heo và hải sản, bánh gạo lắc phô mai, mực nướng bơ đậu phộng mặn mà Bakery menu: Hot dog, xúc xích và bánh trứng nướng thơm béo*Xem danh sách các rạp phục vụ hot food tại: bitly/cgvhotfood… Xem thêm",phim
Còn ai chơi lớn hơn NSX Công Tử Bạc Liêu: Chi hơn NỬA TỶ để sản xuất lại phiên bản 1:1 của máy bay tư nhân đầu tiên ở Việt Nam Cậu Ba Hơn đã giàu nhưng NSX phim còn giàu hơn cả cậuCông Tử Bạc Liêu  Khởi chiếu tại rạp 06122024 Vé hiện tại mở bán tại: https://bitly/CGVCONGTUBACLIEU#P… Xem thêm,phim
"TUẦN NÀY MÈO CAM BÊ THA DEBUT    Ông Chú Mèo Cam  nay vừa tròn 30 cái thanh xuân, sáng đi quét lá chùa, nướng cá, vít ga đua xe, tối rủ mấy tinh linh xung quanh nhậu nhẹtNay lại phải quản thêm một con sen 11 tuổi đòi xuống cõi âm tìm mẹ     MÈ… Xem thêm",phim
Có một Đoàn Thiên Ân đơn thuần và giản dị như thế này  Hóng hình ảnh khác lạ của nàng hậu trong Nụ Hôn Bạc Tỷ quá đii  Nụ Hôn Bạc Tỷ | Dự kiến khởi chiếu: Mùng 1 Tết 2025 #NuHonBacTy #PhimNuHonBacTy #nhbt #ThuTrangEntertainment #VPictures #CGV #TetNguyenDan #PhimTet2025,phim
Một bộ anime có gam màu tuyệt đẹp thế này thì làm sao có thể bỏ lỡ được Đặt vé ngay: https://bitly/CGVTHECOLORSWITHIN Sắc Màu Của Cảm Xúc (tựa gốc: The Colors Within)  Đang chiếu tại rạp#TheColorsWithin #SacMauCuaCamXuc #YamadaNaoko,phim
"CHỈ VỚI 4 BƯỚC ĐƠN GIẢN LÀ MUA NGAY VÉ CGV TỪ 84K TRÊN CÁC APP NGÂN HÀNG* VÀ VÍ VNPAYĐăng nhập App ngân hàng hoặc Ví VNPAY, chọn tính năng  Đặt vé xem phim Chọn phim, chọn rạp CGVChọn suất chiếu và ghế ngồi… Xem thêm",phim
Điểm lại toàn bộ những nhân vật chủ chốt trong Công Tử Bạc Liêu và mối quan hệ của họ! Mời quý vị ôn bài thật kỹ đặng 06122024 ra rạp xem phim là vừa nghen!Công Tử Bạc Liêu  Khởi chiếu tại rạp 06122024#PhimCongTuBacLieu #CongTuBacLieu #CTBL #CGV #VPICTURES #LyMinhThang #XuongPhimMauHong #SongLuan #ThienAn #KaityNguyen #NSUTThanhLoc,phim
"Không chỉ ma quỷ trở về quấy phá, đây là thời điểm thích hợp để có thể luyện được bùa ngải ác độc nhất khi có đủ ngày âm, tháng âm Tất cả sẽ có trong TẾT ÂM HỒN!Khởi chiếu ngày 06122024#sengkolo #tetamhon #comingsoon",phim
BLUE PERIOD phiên bản liveaction sắp đổ bộ! Đặt lịch xem ngay các suất chiếu đặc biệt để nhận CARD BO GÓC PHIÊN BẢN GIỚI HẠN *Mua 01 vé phim “BLUE PERIOD” tặng 01 card*… Xem thêm,phim
HLV Jo vừa khóc vừa chia sẻ    Giữa biển người mênh mông gặp được nhau coi như là quả báo Ra rạp gánh quả báo chung với HLV Jo thui các bạn ơiCƯỜI XUYÊN BIÊN GIỚI  ĐANG CHIẾU TẠI RẠP… Xem thêm,phim
"Cả một miền ký ức hạnh phúc chỉ bắt đầu từ một lời  xin chào  đơn giản vậy thôi  Tình yêu kỳ diệu quá phải không các bạn  NGÀY TA ĐÃ YÊU, siêu phẩm lãng mạn xúc động nhất cuối năm 2024  Đang chiếu tại rạp … Xem thêm",phim
"Siêu phẩm giờ cơm No1 Hàn Quốc tái xuất, hứa hẹn quậy banh phòng vé 2025!Đếm ngược tới ngày gặp bà quàng hoạt náo Choi Jadoo hoy XIN CHÀO JADOO: BÍ MẬT ĐẢO JEJU | Dự Kiến Khởi Chiếu: 112025#HelloJadoo #XinChaoJadoo",phim
"Sừng tê giác cỏ thể dài tới 15m và rất cứng, cộng thêm lực húc khủng có thể vượt quá 1000kg thì chỉ cần một pha đối đầu trực diện cũng có thể khiến bạn bị hất văngThưởng thức ngay những trận đối đầu sinh tử đậm chất Võ Sĩ Giác Đấu trên màn ảnh rộng!Link đặt vé: https://bitly/CGVGLADIATORII#VoSiGiacDauII #GladiatorII",phim
"HÉ LỘ 8 PHÚT ĐỘC QUYỀN CỦA  CHÚA TỂ CỦA NHỮNG CHIẾC NHẪN: CUỘC CHIẾN CỦA ROHIRRIM  Chỉ cần 8 phút đã đủ khẳng định chất lượng của phim, câu chuyện về cuộc đời của Vua Helm được tái hiện dựa trên nguyên tác của Tolkien Phim có suất chiếu đặc biệt từ 12h trưa ngày 07 & 08/12 … Xem thêm",phim
MAI LÀ CGV THỨ TƯ VUI VẺ  ƯU ĐÃI BẤT NGỜ  NHỚ ĐỪNG BỎ LỠ!!! Mỗi Thứ Tư hàng tuần cùng xem phim hay rạp xịn với giá vé siêu hời tại CGV! Thưởng thức rạp tiêu chuẩn chỉ từ 55000 đồng… Xem thêm,phim
Ưu điểm: Ngủ đủ 8 tiếng 1 ngàyNhược điểm: Ngủ lúc 6h sáng  Đặt vé ngay: https://bitly/CGVOZIOZI: PHI VỤ RỪNG XANH | ĐANG CHIẾU TẠI RẠPPh… Xem thêm,phim
"Là  phần tiếp theo xứng đáng với bản gốc  theo iNews  tờ báo quốc gia của Anh Quốc, đánh giá, Võ Sĩ Giác Đấu II chính xác là một siêu phẩm giải trí nhất định phải xem cuối tuần này nhé anh em  https://bitly/CGVGLADIATORIIVÕ SĨ GIÁC ĐẤU II | Đang Chiếu Tại Rạp#VoSiGiacDauII #GladiatorII",phim
Dẫn quan viên 2 họ ra CGV coi Moana 2 liềnHành Trình Của Moana 2 chính thức có suất chiếu đặc biệt cả ngày 3011 & 0112ĐẶT VÉ NGAY: https://bitly/CGVMOANA2#Moana2 #CGVVietnam #ComingSoon,phim
"Khán giả chưa xem bộ ba Chúa Nhẫn điện ảnh hoàn toàn vẫn có thể hiểu được Chúa Nhẫn bản anime, tuy nhiên có thể xem trước để tăng trải nghiệm về thế giới hoành tráng này CHÚA TỂ CỦA NHỮNG CHIẾN NHẪN: CUỘC CHIẾN CỦA ROHIRRIM khởi chiếu tại rạp từ 13122024#LOTR #chuatecuanhungchiecnhan #cuocchiencuarohirrim",phim
Còn ai chưa có BÌA LÁ CGV XINH IU không nèeeee… Xem thêm,phim
"SIÊU PHẨM TIẾP THEO CỦA STUDIO GHIBLI ĐƯỢC HÉ LỘ CHÍNH LÀ SPIRITED AWAYĐã hơn 20 năm trôi qua, nhưng Spirited Away vẫn là bộ phim hoạt hình yêu thích của nhiều khán giả Lần này, hãy cùng trải nghiệm thế giới huyền bí, kỳ ảo và tráng lệ cùng Chihiro trên màn ảnh rộng cực nét các fan nhéeee  Vùng Đất Linh Hồn  Dự kiến khởi chiếu: 03012025 | Phim có phiên bản lồng tiếng & phụ đề… Xem thêm",phim
"Dưới bàn tay của NTK Thuỷ Nguyễn, Áo Dài tiếp tục lên ngôi trong phim Công Tử Bạc Liêu! Với hơn 300 bộ trang phục, trong đó có 100 bộ vest, 150 bộ áo dài, và 50 bộ bà ba, bộ phim Công Tử Bạc Liêu không chỉ tái hiện lịch sử mà còn làm nổi bật tâm lý nhân vật, đưa khán giả đắm chìm vào không gian Nam Bộ những năm 1930–1940Công Tử Bạc Liêu  Khởi chiếu tại rạp 06122024… Xem thêm",phim
"Đến với phòng chiếu đặc biệt tại CGV sẽ được phục vụ miễn phí đồ uống và thức ăn nhẹ trước suất chiếu 30 phút tại khu vực chờ riêng biệt và xuyên suốt suất chiếu phim Đặc biệt hơn, từ ngày 22/11 sẽ sử dụng khay đựng phiên bản dành cho phim Wicked   Các loại phòng chiếu áp dụng bao gồm L'amour  Goldclass  Cine & Forêt*… Xem thêm",phim
"Đã phim kinh dị, lại còn Thái Lan thì chỉ có sợ xanh mặt! Những khán giả đầu tiên đã sợ hết dám ăn cơm với màn mukbang kinh dị, đầy ám ảnh của bầy zumbi TháiNhanh chân rủ rê bạn bè đặt vé ra rạp để có những trải nghiệm của riêng mình nhé! —C/HIẾN ĐỊA T/Ử THI Suất chiếu đặc biệt từ 18h ngày 28/11… Xem thêm",phim
Hôm nay bạn có 1 tin vui và 1 tin buồn … Xem thêm,phim
HOT!!! KHÁN GIẢ VIỆT NAM SẼ ĐƯỢC CHIÊM NGƯỠNG VẺ ĐẸP XỨ TRUNG ĐỊA TRƯỚC QUỐC TẾ 01 TUẦN CHÚA TỂ CỦA NHỮNG CHIẾC NHẪN: CUỘC CHIẾN CỦA ROHIRRIM SẼ CÓ SUẤT CHIẾU ĐẶC BIỆT TỪ 12H TRƯA CÁC NGÀY 07 & 08/12 Nôn nao tới ngày được xem phim quá đi thôi #lotr… Xem thêm,phim
