"TOP các tỉnh, thành có mức thưởng trăm triệu đồng cho học sinh giỏi quốc tếHà Nội hiện tại đang có mức thưởng 20 triệu đồng cho học sinh giành huy chương vàng quốc tế Hiện tại thành phố đang đề xuất tăng lên  250 triệuẢnh: Vnexpress"
"Sân trường giờ ra chơi tại một trường THPT của Hà Nội Thay vì ngồi lướt điện thoại trong lớp như trước kia, các em đã ra ngoài chơi thể thao, tương tác, kết nối , trò chuyện Cùng chia sẻ hình ảnh trường lớp các em vào nhóm Học sinh Hà Nội  nha Các hình ảnh, clip dễ thương sẽ được lựa chọn để đưa lên page"
"Hôm nay 1/12, Hội thảo kinh tế, kinh doanh và quản lý FCBEM 2024 có chủ đề: “Exploring Synergies in Business, Operations, and Economics: Advancing Solutions for a Sustainable Society” đã diễn ra tại Greenwich Việt Nam CS Hà NộiGS Petros Ieromonachou (ĐH Greenwich, Anh quốc), GS Fang Lee Cooke (ĐH Monash, Australia), GS TS LéoPaul Dana (ĐH Dalhousie, Canada), GS TS Norbani Che Ha (ĐH Malaya, Malaysia) là 4 diễn giả của các phiên toàn thể Đây đều là những nhà nghiên c… Xem thêm"
"Ngày 11/7, Bộ Giáo dục và Đào tạo đã ban hành Kế hoạch thực hiện môn Lịch sử trong Chương trình giáo dục phổ thông 2018Bộ Giáo dục và Đào tạo sẽ chuyển môn Lịch sử là môn học bắt buộc trong chương trình giáo dục phổ thông 2018 Để kịp thời triển khai ngay trong năm học 20222023 ở lớp 10, Bộ Giáo dục và Đào tạo sẽ xây dựng, lựa chọn, điều chỉnh, thẩm định Chương trình Lịch sử cấp trung học phổ thông phần bắt buộc với thời lượng 52 tiết/năm học (lớp 10, lớp 11, lớp 12) để dạ… Xem thêm"
Đề thi HSG cấp quận môn Toán 9 năm học 20242025 của quận Hai Bà Trưng Các em làm thử nhé
"Điểm chuẩn vào lớp 10 các trường CHUYÊN năm học 2022  2023Điểm chuẩn các trường công lập, chiều nay sẽ công bố nhé các em Học sinh Hà Nội"
"Đại học Kinh tế Quốc dân lần đầu có 4 thủ khoa tốt nghiệp với điểm tuyệt đối 4/4, trong lịch sử gần 60 nămBốn sinh viên này gồm: Nguyễn Hoàng Dương (quê Thái Nguyên, tốt nghiệp chuyên ngành Kinh doanh quốc tế), Mai Xuân Bách (Hà Nội, Khoa học dữ liệu trong kinh tế và kinh doanh), Nguyễn Khánh Linh (Thái Bình, Kinh tế quốc tế) và Hoàng Mai Hương (Hà Nam, Kiểm toán)Vnexpress"
Top các trường THPT có điểm trung bình môn cao nhất trong kỳ thi tốt nghiệp THPT Quốc gia 2022 tại Hà Nội
DU HỌC ÚC NGAY TẠI VIỆT NAM  HỌC PHÍ CHỈ BẰNG 1/10 SO VỚI DU HỌC Điều kiện nhập học: Tốt nghiệp THPT 2k6 có thể xét tuyển với học bạ lớp 12 … Xem thêm
"Trường Đại học CMC công bố điểm chuẩn năm 2022Ngày 15/09, Hội đồng tuyển sinh Trường Đại học CMC công bố điểm trúng tuyển đợt 1 đối với phương thức xét tuyển dựa trên kết quả kỳ thi tốt nghiệp THPT"
Trường ĐH Kinh tế quốc dân vừa công bố điểm chuẩn trúng tuyển hệ đại học chính quy năm 2022 theo phương thức sử dụng điểm thi tốt nghiệp THPTẢnh: Vietnamnet
"Sáng nay (16/9), ĐH Hà Nội vừa công bố điểm trúng tuyển năm 2022, trong đó ngành ngôn ngữ Hàn Quốc có mức điểm cao nhất với 36,42/40"
Đề thi chọn Đội tuyển HSG lớp 9 môn KHTN  Vật Lý của trường THCS Cầu Giấy năm học 2024  2025
"Với 1590/1600 điểm SAT, Vân Hà trở thành thủ khoa đầu vào Đại học Kinh tế Quốc dân theo diện xét tuyển bằng chứng chỉ SAT/ACTĐỗ Thị Vân Hà, cựu học sinh lớp chuyên Tiếng Anh, trường THPT chuyên Nguyễn Trãi, Hải Dương, nhận tin hôm 2/8, hai ngày sau khi hết hạn đăng ký xét tuyển đại học SAT và ACT là bài thi đánh giá năng lực được sử dụng phổ biến trong tuyển sinh đầu vào đại học ở Mỹ và nhiều nước trên thế giớiHà đạt 1590/1600 SAT ngay trong lần thi đầu tiên hồi đầu t… Xem thêm"
"Trường Đại học Ngoại ngữ, Đại học Quốc gia Hà Nội vừa phê duyệt điểm chuẩn trúng tuyển các ngành đào tạo đại học chính quy đối với thí sinh xét tuyển theo kết quả thi tốt nghiệp THPT năm 2022"
"Thông tin từ Bộ GDĐT cho biết, theo kết quả chính thức từ cuộc thi Olympic Toán học quốc tế năm 2022 (IMO 2022) tổ chức tại Nauy, 6/6 học sinh Việt Nam đều đoạt giải, gồm: 2 Huy chương Vàng, 2 Huy chương Bạc, 2 Huy chương ĐồngCụ thể, 2 học sinh đoạt Huy chương Vàng là em Ngô Quý Đăng, học sinh lớp 12, Trường THPT chuyên Khoa học Tự nhiên, Đại học Quốc gia Hà Nội; em Phạm Việt Hưng, học sinh lớp 11, Trường THPT chuyên Khoa học Tự nhiện, Đại học Quốc gia Hà NộiHai em Phạm… Xem thêm"
"Đề khảo sát chất lượng môn Toán 9 năm học 2024 – 2025 trường THCS Đồng QuangĐề thi gồm 02 trang, hình thức tự luận với 05 bài toán, thời gian làm bài 90 phút, có đáp án chi tiết và hướng dẫn chấm điểm"
Trường Đại học Khoa học Xã hội và Nhân văn công bố điểm chuẩn phương thức xét tuyển chứng chỉ quốc tế kết hợp với điểm thi tốt nghiệp THPT
"Trường ĐH Ngoại ngữ  ĐH Quốc gia Hà Nội, vừa công bố điểm sàn các ngành đào tạo đại học hệ chính quy năm 2024Cụ thể, điểm sàn của Trường ĐH Ngoại ngữ  ĐH Quốc gia Hà Nội, năm 2024 đối với học sinh phổ thông ở khu vực 3 (chưa nhân hệ số môn Ngoại ngữ, đã bao gồm điểm ưu tiên khu vực và đối tượng nếu có) cho tất cả các tổ hợp xét tuyển gồm 3 môn thi/bài thi (không phân biệt tổ hợp xét tuyển) như sau:Theo Vietnamnet"
Học viện Tài chính vừa công bố điểm chuẩn tuyển sinh đại học chính quy năm 2024
"Không Chỉ Giúp Học Viên Đạt 70, 75, 80 IELTS, Các Thầy Cô Ở DOL Còn Mang Đến Cho Học Viên Nhiều Trải Nghiệm Đáng NhớTìm được một trung tâm tiếng Anh uy tín là điều không dễ dàng Tìm được một nơi có những giáo viên tận tâm và hết mình vì học trò lại càng khó khăn hơnSong, tại DOL English  IELTS Đình Lực, các em học sinh luôn được thầy cô hỗ trợ hết mình trong quá trình học Hơn thế nữa, thầy cô còn giúp các em rèn luyện tư duy, phát triển kỹ năng mềm phục vụ cho v… Xem thêm"
"OEA VIETNAM TẶNG XE SCOOTER ĐIỆN, MÁY ĐỌC SÁCH KINDLE, CHO HỌC VIÊN MỚI NHÂN DỊP SINH NHẬT 15 TUỔI Tháng 11/2024 là cột mốc đánh dấu hành trình 15 năm đầy ý nghĩa của Học viện Anh ngữ Oxford  OEA Vietnam với những đóng góp tích cực cho cộng đồng dạy và học tiếng Anh tại Việt Nam Chúng tôi tự hào với: 1500+ lớp học tiếng Anh OEA được khai giảng; 15000+ học viên thuộc mọi lứa tuổi và trình độ tham gia các khóa học tiếng Anh;… Xem thêm"
"Điểm chuẩn Đại học Giao thông vận tải cao nhất 26,45"
"Ngày 24/7, ông Nguyễn Huy Kỳ (SN 1940, Thanh Xuân, Hà Nội) cho biết ông đã vượt qua kỳ thi THPT Quốc gia 2022Cụ thể theo ông Kỳ cho biết, môn Toán ông đạt 3,6 điểm, Ngữ Văn đạt 4,75 điểm, Lịch sử đạt 6,5 điểm Điểm trung bình lớp 12 của ông Kỳ đạt 81, ông cũng có điểm ưu tiên 0,25 điểm Ngoài ra ông cũng có điểm cộng 1 điểm Điểm thi trung bình của thí sinh tuổi bát thập này đạt 6437 đủ điều kiện đỗ tốt nghiệpĐược biết ông Kỳ từng đi bộ đội khi chưa học xong THPT, sau … Xem thêm"
"ĐH Giao thông vận tải công bố điểm sàn 3 phương thức xét tuyểnCụ thể, ngưỡng đảm bảo chất lượng đầu vào (mức điểm tối thiểu của tổng điểm theo tổ hợp xét tuyển cộng điểm ưu tiên nếu có) các ngành đào tạo đại học hệ chính quy năm 2022 của Trường ĐH Giao thông vận tải như sau:Ảnh: Vietnamnet"
"ĐỘC LẠ  hai anh em sinh đôi Vũ Thế Hoàng Huy và Vũ Thế Hoàng Tiến (lớp 9A4 Trường THCS Hoàng Mai, quận Hoàng Mai, Hà Nội) có điểm thi tuyển sinh lớp 10  giống hệt nhau, với kết quả ấn tượng:  Ngữ văn 8,75; Ngoại ngữ 10; Toán 10; Tổng điểm xét tuyển vào lớp 10 công lập đạt 47,5; điểm môn chuyên 1 là 8Chúc mừng hai em và gia đìnhTheo Vietnamnet"
"Hà Nội: Trường mầm non Hoàng Liệt tổ chức bốc thăm suất tuyển sinh trẻ 3, 4 tuổiSáng 27/8, UBND phường Hoàng Liệt, Hoàng Mai đã tổ chức cho phụ huynh bốc thăm suất học cho trẻ 3 tuổi và 4 tuổi tại Trường Mầm non Hoàng Liệt năm học 20222023"
"CẢM ƠN THẦY CÔ THEO CÁCH CỦA BẠN, GỬI BAO KỈ NIỆM TRONG TYM !“Cảm ơn thầy cô  là cuộc thi viết online nhân dịp 20/11 do Tổ chức Giáo dục FPT cùng Thành Đoàn Hà Nội phối hợp tổ chức Cuộc thi dưới hình thức bài viết chia sẻ chân dung kèm ảnh để tri ân những thầy cô, những người làm giáo dục trên địa bàn thành phố, hướng tới môi trường giáo dục hạnh phúc Thể lệ cuộc thi: Sản phẩm dự thi gồm: 01 bản word bài viết và 01 ảnh minh hoạ… Xem thêm"
Danh sách các trường đại học có doanh thu từ 1000 tỷ trở lên năm 2023Trong top 10 có 6 trường đại học công lập và 4 trường tư thụcSố liệu: Vnexpress
"Điểm chuẩn Trường ĐH Sư phạm từ 22 đến 29,3 Đây là tổng điểm thi ba môn, đã gồm điểm ưu tiên (nếu có) Ngành Sư phạm ngữ văn và lịch sử có điểm chuẩn 29,3, cao nhất trong số các trường đã công bố"
Đề kiểm tra chọn đội tuyển HSG môn Hóa học của trường THPT Chuyên Hà Nội Amsterdam năm nayCác em làm thử xem sao nhé
"ĐH Khoa học Tự nhiên Hà Nội lấy điểm chuẩn đánh giá năng lực cao nhất 145Bốn ngành thuộc nhóm Toán, Công nghệ thông tin lấy 145/200 điểm (nhân đôi môn Toán), các ngành còn lại từ 80 đến 100/150Trường Đại học Khoa học Tự nhiên (HUS), Đại học Quốc gia Hà Nội, tối 8/7 thông báo điểm chuẩn với các phương thức xét tuyển sớm… Xem thêm"
Khi các bạn nữ sinh Hà Nội tổ chức ngày Quốc tế đàn ông 19/11 cho các bạn nam trong lớp vô cùng dễ thương  P/S: Cùng chia sẻ trong nhóm Học sinh Hà Nội nhé các em
Mùa của các hoạt động trải nghiệm đã bắt đầuLớp các em đã đi đâu chưa?
Các bạn 2k9 có còn nhớ không? Còn các em 2k10 có tự tin với đề Toán như này không các em?
"ĐH Ngoại thương công bố điểm trúng tuyển phương thức riêng: Điểm chuẩn cao nhất 30,5Các phương thức có điểm trúng tuyển gồm: phương thức 1 (xét học sinh giỏi quốc gia, học sinh giỏi tỉnh, học sinh chuyên); phương thức 2 (chứng chỉ ngoại ngữ quốc tế kết hợp với kết quả học bạ); phương thức 5 (điểm thi đánh giá năng lực của 2 Đại học Quốc gia)Theo Báo Tiền Phong"
"Bộ Công an xác minh người đưa tin lộ đề thi tốt nghiệp 2024Bộ Giáo dục khẳng định thông tin  lộ đề thi tốt nghiệp  là sai sự thật, cho biết Bộ Công an đang xác minh, sáng 26/6Theo Bộ Giáo dục và Đào tạo, đêm qua một số nhóm, diễn đàn chia sẻ thông tin lộ đề thi tốt nghiệp THPT 2024 Ngay khi nhận được phản ánh, Bộ đề nghị Bộ Công an hỗ trợ xác minh… Xem thêm"
Còn 06 ngày nữa tới Kỳ thi THPT Quốc gia 2024
Barem chấm điểm môn Toán và Ngữ văn kỳ thi tuyển sinh 10 năm học 2024  2025
Ngày đếm ngược cuối cùng trước Kỳ thi tốt nghiệp THPT Quốc gia 2024 Chúc các em 2k6 ngày mai thật BÌNH TĨNH  TỰ TIN  LÀM BÀI THẬT TỐT nhé
Học Hóa còn được khuyến mại thêm Tiếng Anh nữa
"Học viện Ngoại giao thông báo điểm trúng tuyển đối với hồ sơ đăng ký xét tuyển dựa trên kết quả Kỳ thi tốt nghiệp THPT năm 2022 (Mã phương thức xét tuyển 100) theo mục 85, phần II của Đề án tuyển sinh như sau:"
"Học sinh khối 1 háo hức tới trường, chào đón năm học mới Ảnh: Báo VOV"
"Điểm chuẩn Học viện Tài chính cao nhất 36,15Ngành Hải quan và Logistics của Học viện Tài chính (AOF) lấy điểm chuẩn 36,15 (thang 40), tức trung bình thí sinh phải đạt 9 điểm một môn mới đỗ"
Đề kiểm tra chọn đội tuyển học sinh giỏi môn Toán 9 vòng 2 năm học 2024 – 2025 của trường THCS Cầu GiấyCác em học sinh và phụ huynh tham khảo nhé
Diễn giả tham dự Livestream:  Chị Hà Kim meomeotalks  Founder Podcast “Những câu chuyện làm ngành”  Chị Bích Ngọc  đại diện Tuyển sinh FPT Arena
Những tác phẩm thú vị và ý nghĩa của các em học sinh Hà Nội trong ngày họp phụ huynh
"Trường Đại học Ngoại ngữ, Đại học Quốc gia Hà Nội ((ULIS) công bố điểm chuẩn năm 2024 đối với thí sinh xét tuyển theo kết quả thi tốt nghiệp THPT năm 2024 (mã phương thức xét tuyển: 100)"
"Những ngày cuối cùng đăng ký nguyện vọng theo quy định của Bộ GD&ĐT, quỹ học bổng “CMC  Vì bạn xứng đáng” luôn là điểm nóng với thí sinh và phụ huynh trên cả nước  Cụ thể, CMC tặng học bổng trị giá 50  100% học phí toàn khóa cho học sinh có điểm tổ hợp từ 25,00 theo tổ hợp xét tuyển Song song đó, CMC còn rất nhiều ưu đãi cho thí sinh đăng ký nguyện vọng 1 trên cổng xét tuyển chung của Bộ GD&ĐTChỉ còn 24h nữa sẽ kết thúc thời gian đăng ký nguyện vọng, các bạn học sinh nh… Xem thêm"
"Trường Đại học Kinh tế, Đại học Quốc gia Hà Nội (UEB) tối 17/8 công bố điểm chuẩn từ 33,1 đến 33,62, theo thang điểm 40"
"Đề thi chọn học sinh giỏi văn hóa môn Toán 9 năm học 2024 – 2025 phòng Giáo dục và Đào tạo huyện Ứng Hòa Đề thi gồm 01 trang, hình thức tự luận với 05 bài toán, thời gian làm bài 120 phút"
Đề thi môn Địa lý  Lịch sử kỳ thi tốt nghiệp THPT Quốc Gia
"Em Nguyễn Tuấn Anh (cựu học sinh lớp 9A, trường THPT chuyên Hà Nội  Amsterdam) là thủ khoa đầu vào lớp Tiếng Anh của trường THPT chuyên Sư phạm, với tổng điểm 34,4/40, trong đó môn chuyên được 8,2 điểm Ngoài Sư phạm, Tuấn Anh còn đỗ lớp chuyên Anh của trường THPT chuyên Ngoại ngữ và chuyên Toán ở trường Khoa học Tự nhiên Em từng được chọn vào đội tuyển của cả hai môn Toán và tiếng Anh, nhưng chọn thi Tiếng Anh và giành giải nhất thành phố năm học vừa quaTheo Vnexpress"
Bức ảnh tổng kết tình hình của ngày thi đầu tiên SIUUUUUUUUU!!!!Ảnh: Kiến Không Ngủ
Còn 10 ngày nữa tới Kỳ thi THPT Quốc gia 2024
"Sáng 19/7, ĐH Đại học Bách khoa Hà Nội đưa ra dự báo điểm chuẩn cho 64 chương trình đào tạo tuyển sinh năm 2024 Thấp nhất 20 điểm, cao nhất lên tới hơn 28 điểm"
"Cú đúp thủ khoa của nam sinh Thái Bình: Thủ khoa toàn quốc khối A00 THPT QG 2024 và Thủ khoa đánh giá tư duy tại ĐH Bách khoa năm 2024Vũ Đình Thái – học sinh L12 Trường THPT Tây Thuỵ Anh, Thái Bình đã trở thành thủ khoa toàn quốc khối A00 Kỳ thi THPT Quốc gia 2024 với tổng điểm 296, trong đó: Toán 9,6 ; Lý 10 ; Hoá 10Bên cạnh đó, nam sinh còn sở hữu loạt thành tích đáng nể: Học bổng 100% Trường ĐH FPT trong kỳ thi học bổng năm 2024 Học bổng 100% Trường ĐH FPT trong c… Xem thêm"
"Điểm chuẩn Học viện Ngoại giao (DAV) từ 25,37 29,2 cao nhất là ngành Trung Quốc học ở tổ hợp C00 (Văn, Sử, Địa)"
"Nguyễn Thế An và Trần Trung Hiếu là hai sinh viên đầu tiên tốt nghiệp Đại học Bách khoa Hà Nội với điểm tuyệt đối 4/4Thế An và Trung Hiếu cùng 22 tuổi An quê Bắc Ninh, là sinh viên ngành Khoa học dữ liệu và Trí tuệ nhân tạo Còn Hiếu ở Hà Nội, học ngành Kỹ thuật Điện tử Viễn thôngTheo Vnexpress"
"ĐH Kinh tế Quốc dân công bố điểm chuẩn một số phương thức, cao nhất 28,33 điểmCác thí sinh trúng tuyển theo phương thức này phải xác nhận nhập học trên hệ thống của Bộ GDĐT từ ngày 22/7  20/8Sau khi xác nhận nhập học, thí sinh phải nhập học theo hình thức trực tuyến trên hệ thống của Trường từ ngày 10/8 đến 20/8 Quá thời hạn này, thí sinh không thực hiện yêu cầu trên coi như từ chối nhập học… Xem thêm"
Lúc này tại trường quay Cùng cổ vũ cho chàng trai của Hà Nội nhé các bạn
"Chính thức công bố 18 đề minh họa kỳ thi tốt nghiệp THPT 2025So với những năm trước, đề tham khảo thi tốt nghiệp THPT năm 2025 được công bố sớm hơn gần 5 tháng, giúp nhà trường, giáo viên, học sinh chủ động trong quá trình dạy, học và ôn tậpLink download dưới comment nhé các em"
"Bạn Lương Minh Hiếu Ngọc, lớp 12 Hóa 1, trường THPT chuyên Hà Nội  Amsterdam, đạt điểm SAT tuyệt đối 1600/1600 trong đợt thi hôm 19/10 Theo College Board  tổ chức sở hữu bài thi, hàng năm có khoảng hai triệu học sinh trên thế giới thi SAT Số thí sinh đạt từ 1400 điểm trở lên chiếm 7% Từ mốc 1530 trở lên, người thi lọt top 1% cao nhất thế giớiTheo Vnexpress"
Đề kiểm tra giữa kỳ I môn Toán lớp 9 của trường THCS Mỹ Đình 2 Các bạn 2k10 lưu về làm thử nhé
"Danh sách 17 trường Đại học của Việt Nam vào trong bảng xếp hạng châu Á năm 2025  Theo Tổ chức xếp hạng QS (Quacquarelli Symonds – Anh)Hà Nội có 4 trường ĐH là Đại học Quốc gia Hà Nội, Đại học Bách khoa Hà Nội, Đại học Giao thông vận tải và Đại học Sư phạm Hà NộiQS là một trong ba tổ chức xếp hạng đại học nổi tiếng, bên cạnh Times Higher Education (THE) và Shanghai Academic Ranking of World Universities (ARWU)Dữ liệu từ"
"Hình ảnh  Lẵng hoa  đặc biệt trong lễ khai giảng trường Đại học Ngoại thương ngày hôm nay Đây là Lẵng hoa  Sẻ chia và trao gửi yêu thương  với thông tin tài khoản của Ban cứu trợ Trung ương  Mặt trận Tổ quốc Việt Nam để các đại biểu, thầy cô giáo cùng các em sinh viên có thể chủ động cùng góp sức, chung tay giúp đỡ đồng bào các địa phương chịu hậu quả nặng nề của thiên tai, lũ lụt cũng như các cá nhân/hộ gia đình có hoàn cảnh khó khăn nói chung Lẵng hoa này cũng được đặt… Xem thêm"
Các thí sinh 2k6 Hà Nội cười rạng rỡ sau khi 'trúng tủ' đề Văn thi tốt nghiệp THPT năm nay Ảnh: Vietnamnet
"Học viện Công nghệ Bưu chính Viễn thông (PTIT) công bố điểm chuẩn từ 18 đến 26,4, cao nhất là ngành Công nghệ thông tin"
"Đêm 5/9/2024 (giờ Việt Nam), Bộ Giáo dục Đào tạo nhận được thông tin về kết quả chính thức của Đội tuyển quốc gia Việt Nam dự thi Olympic Tin học quốc tế (IOI) năm 2024Theo đó, đội tuyển quốc gia Việt Nam gồm 4 học sinh dự thi, kết quả 4/4 học sinh đoạt Huy chương, gồm: 2 Huy chương Vàng, 1 Huy chương Bạc, 1 Huy chương Đồng Cụ thể như sau:Em Phạm Công Minh, học sinh lớp 12, Trường Trung học phổ thông Chuyên Khoa học tự nhiên, Trường Đại học Khoa học tự nhiên, Đại học Quố… Xem thêm"
"Học viện An ninh nhân dân, Trường ĐH An ninh nhân dân, Trường ĐH Cảnh sát nhân dân, Học viện Cảnh sát nhân dân và các trường công an khác đã công bố điểm chuẩn năm 2022[Theo Vietnamnet]"
Còn 09 ngày nữa tới Kỳ thi THPT Quốc gia 2024
Đáp án CHÍNH THỨC TỪ BỘ GD 14 môn thi trắc nghiệm kỳ thi tốt nghiệp THPT năm 2022
"Phụ huynh, học sinh Hà Nội rộn ràng trong ngày làm thủ tục nhập học vào lớp 10Hàng trăm phụ huynh, học sinh trúng tuyển vào lớp 10 Trường THPT Yên Hòa (quận Cầu Giấy, Hà Nội) đã có những thông tin bổ ích khi tham gia buổi tư vấn nhập học do nhà trường tổ chức trước khi các em làm thủ tục nhập họcẢnh: Báo Đại Đoàn Kết"
"Đề thi tốt nghiệp thpt quốc gia, môn Sinh Học"
"Trong kỳ thi tuyển sinh lớp 10 Hà Nội năm nay, Đặng Diệp Chi, học sinh lớp 9A0 trường THCS  THPT Lương Thế Vinh đã có thành tích ấn tượng khi thi đỗ vào lớp chuyên Toán của 4 ngôi trường chuyên nổi tiếng của Hà Nội: THPT chuyên Hà Nội  Amsterdam, Trường THPT chuyên Nguyễn Huệ, Trường THPT chuyên Sư phạm và Trường THPT chuyên Khoa học tự nhiênDiệp Chi đã quyết định sẽ theo học tại THPT Chuyên Hà Nội  Amsterdam trong số 4 ngôi trường mình đã trúng tuyểnBáo Tiền Phong"
Còn 14 ngày nữa tới Kỳ thi THPT Quốc gia 2024
"Trường Đại học Trưng Vương đã tổ chức thành công Chương trình trao đổi thỏa thuận hợp tác với các doanh nghiệp về định hướng nghề nghiệp cho sinh viên Buổi lễ diễn ra với sự tham gia của nhiều đại diện từ các doanh nghiệp và cơ quan quản lý Nhà nước, nhằm mục tiêu cung cấp nguồn nhân lực chất lượng cao, tham gia tích cực vào nghiên cứu khoa học và chuyển giao công nghệ tiên tiến cho các doanh nghiệp và địa phương, góp phần thúc đẩy phát triển kinh tế xã hội của đất nướcT… Xem thêm"
"Trường Quốc tế , Đại học Quốc gia Hà Nội công bố điểm chuẩn xét tuyển đại học theo phương thức xét điểm thi tốt nghiệp trung học phổ thông năm 2024"
Trường ĐH Sư phạm Hà Nội vừa công bố điểm sàn xét tuyển các ngành đào tạo đại học năm 2024 theo phương thức dựa trên điểm thi tốt nghiệp THPT
"Trường ĐH Luật Hà Nội vừa công bố điểm chuẩn trúng tuyển đại học chính quy năm 2022 theo phương thức dựa trên kết quả thi tốt nghiệp THPTTrường ĐH Luật Hà Nội cho biết, học phí dự kiến với sinh viên chính quy học các chương trình đại trà là 2 triệu đồng/tháng/sinh viên (thu 5 tháng/kỳ; 40 tháng/khóa học) tương đương 572000 đồng/tín chỉĐối với các sinh viên chương trình đào tạo chất lượng cao, học phí là 50 triệu đồng/năm học tương đương 1605000 đồng/tín chỉ (Các học p… Xem thêm"
Sách Văn lớp 7 dành cho 2k10Credit to Học sinh Hà Nội/ ( )
"ĐH Bách khoa Hà Nội vừa tổ chức sự kiện  Chào Idol xét tuyển tài năng 2024  Gặp để yêu hơn  Tất cả thí sinh đủ điều kiện trúng tuyển theo phương thức xét tuyển tài năng năm 2024 của ĐH Bách khoa Hà Nội, hơn 2000 em, đều được mời tham dự sự kiện Các em là những người được lựa chọn từ gần 6000 hồ sơ (số hồ sơ tăng gấp đôi năm 2023), trở thành những thí sinh trúng tuyển đầu tiên trong số 9260 chỉ tiêu vào ĐH Bách khoa Hà Nội năm nayNhìn vào danh sách và thành tích 40 … Xem thêm"
"Gần 200 giáo viên tiếng Anh THPT tại Hà Nội tham gia tập huấn về phương pháp dạy và học LinearthinkingTrong ngày 06/08, tại trường THPT chuyên Hà Nội  Amsterdam, gần 200 giáo viên tiếng Anh bậc THPT trên địa bàn thành phố đã tham gia buổi tập huấn được Sở Giáo dục và Đào tạo Hà Nội tổ chức với sự đồng hành của DOL IELTS Đình Lực : https://wwwdolenglishvn/ Với sự tham dự của ông Phạm Tuấn Anh  Phó Cục trưởng Cục Nhà giáo và Cán bộ quản lý Giáo dục (Bộ Giáo dục và Đào t… Xem thêm"
"Khánh Linh, 22 tuổi, tốt nghiệp Đại học Ngoại thương với điểm trung bình tuyệt đối 4/4, IELTS 80 cùng 5 nghiên cứu khoa họcNguyễn Khánh Linh là sinh viên chuyên ngành Logistics và Quản lý chuỗi cung ứng (chương trình định hướng nghề nghiệp quốc tế), trường Đại học Ngoại thương (FTU) Cô gái quê Thái Nguyên sẽ nhận bằng tốt nghiệp vào cuối tuần này, là thủ khoa đầu ra khóa 20202024Theo"
"Đại học Kinh tế Quốc dân công bố Điểm chuẩn kết hợp IELTS và điểm thi tốt nghiệp từ 24,5 đến 28,16, cao nhất là ngành Kinh doanh quốc tế và Thương mại điện tử"
Còn 07 ngày nữa tới Kỳ thi THPT Quốc gia 2024
"20/10 lớp người ta như này, lớp các bạn có gì? Cùng chia sẻ những khoảnh khắc dễ thương ngày 20/10 của lớp các em trong nhóm @Học sinh Hà Nội nhé"
"Xuất hiện tình trạng Học sinh Hà Nội vi phạm luật giao thông đường bộ khi bắt đầu vào năm học mới, tiềm ẩn nhiều nguy cơ mất an toàn giao thôngẢnh: Báo Sức khỏe đời sống"
"Điểm chuẩn Đại học Kiến trúc Hà Nội từ 21,15 đến 24,73Ngành Công nghệ thông tin lấy điểm chuẩn 24,73, cao nhất trường"
Bộ giáo dục & đào tạo công bố Đáp án chính thức và thang điểm tất cả các môn thi tốt nghiệp THPT Quốc gia 2024
"Anh văn Hội Việt Mỹ VUS tổ chức hội thảo đào tạo chuyên môn cho hơn 3000 giáo viên tiếng Anh các trường phổ thông và các trung tâm Anh ngữ cả nướcNgày 28/6, hội nghị giảng dạy tiếng Anh VUS TESOL 2024 đã diễn ra thành công tốt đẹp tại Grand Palace TPHCM Sự kiện thu hút hơn 3000 người đăng ký tham gia và quy tụ gần 30 nhà giáo dục hàng đầu của thế giới, các diễn giả nổi tiếng trong ngành giáo dục chia sẻ về chủ đề Giáo dục toàn diệnViệc tích hợp giáo dục toàn diện vào… Xem thêm"
Học viện Ngoại giao công bố điểm chuẩn xét tuyển sớmĐây là ngưỡng Đạt của hai phương thức: Xét tuyển kết hợp Chứng chỉ quốc tế và kết quả học tập THPT; và Xét tuyển dựa trên Kết quả học tập THPT vào Học viện Ngoại giaoHai phương thức này chiếm 67% tổng chỉ tiêu cho mỗi ngành… Xem thêm
"Danh sách 62 trường THPT công lập hạ điểm chuẩn vào lớp 10, chiều 12/7"
"Theo kế hoạch của Sở Giáo dục và Đào tạo Hà Nội, từ ngày 3 đến ngày 9/7/2024, các trường trung học cơ sở, trung tâm giáo dục nghề nghiệp  giáo dục thường xuyên trên địa bàn thành phố Hà Nội nhận đơn phúc khảo bài thi vào lớp 10 của Kỳ thi tuyển sinh lớp 10 trung học phổ thông năm học 20242025Sau khi tiếp nhận đơn phúc khảo của thí sinh, các nhà trường tổng hợp đơn phúc khảo và danh sách thí sinh phúc khảo về phòng giáo dục và đào tạo quận, huyện, thị xãChậm nhất đến n… Xem thêm"
Đề giữa học kì 1 Toán 9 năm 2024 – 2025 trường MV Lômônôxốp Các bạn 2k10 thử sức nhé
"Top 200 thí sinh có tổng điểm tốt nghiệp cao nhất195/ 200 thí sinh dẫn đầu về điểm thi tốt nghiệp toàn quốc chọn bài tổ hợp Khoa học xã hội, hai thủ khoa đến từ Hà Nội và Ninh Bình với 57,85Vnexpress"
"THÌ RA, MÙA XUÂN HOA NỞ LÀ VÌ EMTHÌ RA, ĐI DU HỌC LÀ VÌ…Vì bạn sẽ có cơ hội du học Thụy Sỹ tại chương trình “Ngày hội giáo dục Thụy Sỹ 2022” Đây là chương trình có 102 do Đại Sứ Quán Thụy Sỹ tại Việt Nam và Tổng Lãnh Sự Quán Thụy Sỹ tổ chức mỗi năm 1 lần… Xem thêm"
"Lạm phát điểm chuẩn học bạ khi xét tuyển đại học, nhiều ngành học lấy 30 điểm[VTV24]"
"TRẢI NGHIỆM NỀN GIÁO DỤC ÚC NGAY TẠI VIỆT NAM Nhắc đến nền giáo dục Úc, mọi người sẽ nghĩ ngay đến hai từ “chặt chẽ” và “khoa học” Úc sở hữu 7/100 trường đại học hàng đầu, tỷ lệ du học sinh ở Úc cao thứ 3 trên thế giới, chỉ sau Anh và Mỹ Với hơn 22000 khoá học trên 1100 tổ chức, chất lượng giáo dục Úc luôn đứng ở vị trí cao và luôn có ít nhất 1 trường ĐH Úc nằm trong top 50 trường ĐH đẳng cấp trên toàn cầuVới mong muốn mang tinh hoa của giáo dục Úc về với Đất Việt… Xem thêm"
"Hình ảnh các bạn học sinh của Trường THCS Giảng Võ đạt thành tích cao nhất ở các môn văn hóa, khoa học, thể thao và nghệ thuật dịp hè 2024 được mời dùng bữa sáng thân mật cùng cô hiệu trưởng sáng ngày 31/7Bữa sáng dù không phải là điều khó khăn với các gia đình nhưng theo hiệu trưởng Tô Thị Hải Yến, đó như một cách để bản thân kịp thời động viên, khích lệ thành tích của các học trò một cách gần gũi nhất “Món quà” mới mẻ này thực sự khiến các học sinh bất ngờ, háo hức“T… Xem thêm"
"6 học sinh xuất sắc nhất lựa chọn từ hơn 200 học sinh thành phố được vào đội tuyển dự thi Olympic khoa học trẻ quốc tế năm 2024Olympic khoa học trẻ quốc tế là kỳ thi uy tín dành cho học sinh dưới 15 tuổi, được tổ chức luân phiên bởi Bộ Giáo dục và Đào tạo của các quốc gia trên thế giới Kỳ thi nhằm khuyến khích học sinh sớm tiếp cận với tri thức khoa học thực tiễn, tạo đà cho hợp tác giáo dục toàn cầu, mở ra cơ hội giao lưu văn hóa giữa học sinh và giáo viênĐể thành lập… Xem thêm"
"Với 10 điểm Toán chung và 9,75 điểm Toán chuyên, Hà Mạnh Hùng trở thành thủ khoa đầu vào trường chuyên Sư phạm năm nayEm là cựu học sinh lớp 9A, trường THPT chuyên Hà Nội  Amsterdam, từng giành giải nhất thi học sinh giỏi Toán cấp thành phố, được tuyển thẳng vào trường chuyên Khoa học Tự nhiên Ngoài ra, Hùng nhận tin trúng tuyển lớp chuyên Anh, trường THPT chuyên Ngoại ngữ, cách đây vài ngàyTheo Vnexpress"
Danh sách các đội tuyển tham dự kỳ thi chọn HSG Quốc gia THPT năm học 2024  2025 của TP Hà Nội
Đáp án chính thức môn Ngữ văn thi tốt nghiệp THPT QG
Hình ảnh các trận đấu trong khuôn khổ Giải bóng đá học sinh THPT Hà Nội  An ninh Thủ đô lần thứ XXIII năm 2024 trên SVĐ Tây Hồ ngày 611 vừa quaKết quả các trận đấu:13h30Bảng R: THPT Vinschool Ocean Park 0–0 THPT Chuyên Sư phạm… Xem thêm
Đề thi môn GDCD kỳ thi tốt nghiệp THPT Quốc Gia
"Trường Đại học Xây dựng Hà Nội công bố điểm sàn, cao nhất 22 điểm, thấp nhất 17 điểm"
"Vữa trần nhà rơi trúng khiến 2 học sinh bị thươngTheo thông tin ban đầu, trưa ngày 69, tại Trường THPT Quang Minh (huyện Mê Linh, TP Hà Nội), một mảng vữa trần lớn bất ngờ rơi trúng người học sinhBà Đào Thị Phương Lan, Hiệu trưởng Trường THPT Quang Minh, cho biết sự việc xảy ra vào buổi trưa Lúc này, học sinh ra ngoài ăn trưa, chỉ còn lại vài em trong lớp, bất ngờ một mảng trần lớn rơi xuống khiến 2 học sinh bị thương… Xem thêm"
"Sáng  nay 3112024, hơn 2000 cầu thủ cùng đông đảo thầy cô giáo, học sinh và các cổ động viên đến từ 110 trường THPT đã tham dự Lễ khai mạc Giải bóng đá học sinh THPT Hà Nội  An ninh Thủ đô lần thứ XXIII năm 2024 Cúp Number 1 Active, trên sân vận động Trung tâm TDTT quận Tây HồNgay sau Lễ khai mạc, giải bóng đá học sinh THPT Hà Nội  đã  diễn ra những loạt trận gay cấn và cuốn hútẢnh: Báo An Ninh Thủ Đô"
"Đại học Ngoại thương công bố điểm chuẩn từ 25,25 đến 28,5, cao nhất là ngành Ngôn ngữ Trung Quốc, chuyên ngành tiếng Trung thương mại ở tổ hợp D01 (Toán, Văn, Anh)Theo sau là ba ngành Kinh doanh quốc tế, Quản trị kinh doanh, Quản trị khách sạn và Marketing với 28,1 điểm, tổ hợp A00 (Toán, Lý, Hóa)Ngành Ngôn ngữ Nhật lấy thấp nhất với 26 điểm tại tổ hợp D01, 25,25 tổ hợp D06 (Toán, Văn, Tiếng Nhật)… Xem thêm"
"Đại học Thương mại công bố điểm chuẩn của hai phương thức xét tuyển kết hợp điểm thi tốt nghiệp THPT với chứng chỉ quốc tế (mã 409) và với giải học sinh giỏi cấp tỉnh trở lên (500)Trong đó, phương thức 409 chấp nhận chứng chỉ từ IELTS 55 hoặc tương đương, cùng SAT tối thiểu 1000/1600, ACT 20/36 (các bài thi chuẩn hóa quốc tế)Điểm xét là tổng điểm thi tốt nghiệp môn Toán cùng một trong ba môn Ngữ văn, Vật lý, Hóa học, cộng điểm quy đổi chứng chỉ nhân hệ số hai Điểm t… Xem thêm"
"Hà Mạnh Hùng, lớp 10 toán 1 Trường THPT Chuyên Hà Nội  Amsterdam là 1 trong 2 thành viên đang học lớp 10 của đội tuyển học sinh giỏi quốc gia môn toán thành phố Hà NộiEm là gương mặt quen thuộc trong các kỳ thi gần đây Số điểm của em trong vòng chọn đội tuyển quốc gia là 28,5, đứng thứ hạng 9Kỳ thi tuyển lớp 10 công lập, Hùng đạt 9,5 điểm toán chuyên, 10 điểm toán đại trà, 10 điểm tiếng Anh và 8,25 điểm văn, đỗ thủ khoa đầu vào chuyên toán của trường… Xem thêm"
Đề khảo sát Toán 9 năm 2024 – 2025 trường THCS Nguyễn Du Các em tham khảo nhé
"Phản hồi của một bạn học sinh về việc thay đổi cấu trúc đề thi, chương trình học cũng như cách tính điểm đúng sai của chương trình mớiÝ kiến của các em như nào?"
Đáp án chính thức môn Ngữ văn và tiếng Anh thi vào lớp 10 năm 2024 từ Sở GDĐT Hà Nội
Còn 13 ngày nữa tới Kỳ thi THPT Quốc gia 2024
"Đặt Trường ĐH FPT làm nguyện vọng ưu tiên, chọn học chuyên ngành hot ngay hôm nayĐiểm chuẩn xét tuyển Hệ đại học chính quy năm 2024 của Trường ĐH FPT theo phương thức xét tuyển dựa trên kết quả thi THPT năm 2024 là 21 điểm, được làm tròn đến 2 chữ số thập phân, gồm điểm môn Toán và 2 môn cao điểm nhất trong các môn Ngữ văn, Ngoại ngữ, Vật Lý, Hoá học, Sinh học, Lịch sử, Địa lý, GDCD, cộng thêm điểm ưu tiên theo quy định của Bộ GD&ĐT"
Trường ĐH Giao thông vận tải vừa công bố điểm chuẩn hệ đại học chính quy năm 2022 theo các phương thức xét theo kết quả thi tốt nghiệp THPT; kết hợp chứng chỉ ngoại ngữ quốc tế và kết quả thi THPT và theo kết quả kỳ thi đánh giá tư duyẢnh: Vietnamnet
"04 ngày nghỉ lễ như đề pa cho ngày khai giảng sắp đến, các em đã chuẩn bị gì rồi? Hay tin máy tính khoa học Casio fx880BTG vừa ra mắt nên muốn chia sẻ với các em Tính phương trình thì nhanh gọn, vẽ được đồ thị và tính xác suất như excel Ngoài ra,  thiết kế và giao diện mới của máy tính khoa học Casio fx880BTG còn rất hiện đại và nối bật: Màn hình LCD có độ phân giải cao giúp hiển thị các phép tính rõ ràng… Xem thêm"
"Lớp 12A1, trường THPT chuyên Ngoại ngữ, ĐH Quốc gia Hà Nội có tới 2 Thủ khoa toàn quốc trong kỳ thi tốt nghiệp THPT năm 2022, ở tổ hợp xét tuyển khối A1 và khối BThủ khoa khối A1 toàn quốc là em Lò Hải Long với tổng điểm 298 ở 3 môn Long đạt 10 điểm Toán, 10 điểm Vật lý và 98 điểm môn Tiếng Anh Thủ khoa khối B là em Nguyễn Đăng Khải với tổng điểm 2935 Trong đó, Khải đạt 960 điểm môn Toán; 975 điểm Hóa học và 10 điểm Sinh học Một thí sinh khác ở Thái Bình có cùng … Xem thêm"
"Em Trọng Cường  học sinh lớp 7 I0, trường THCS  THPT Newton, xuất sắc ba lần liên tiếp giành huy chương vàng cuộc thi Toán và Khoa học quốc tế (IMSO) dành cho học sinh dưới 13 tuổiTại IMSO 2024 tổ chức từ ngày 1 đến 6/10 ở TP Ôn Châu, tỉnh Chiết Giang, Trung Quốc, nam sinh là một trong ba học sinh Việt Nam giành huy chương vàng ở môn Khoa học Ở hai kỳ IMSO trước, khi học lớp 5 và 6, đã đạt thành tích này Nhưng kết quả năm nay đặc biệt hơn vì  ẵm  thêm giải xuất sắc ở bà… Xem thêm"
"Những khoảnh khắc ngập tràn cảm xúc ngày tựu trườngTình cảm cô và trò, những em nhỏ lần đầu vào lớp 1, cảm xúc của người thầy bao năm vẫn bùi ngùi, xúc động là những hình ảnh khó quên trong ngày khai giảng năm học mới 2022  2023 ở Hà NộiẢnh: Vietnamnet"
Danh sách chi tiết 39 trường học tại Hà Nội (theo số liệu thống kê của Sở Giáo dục và Đào tạo Hà Nội vào sáng nay) phải tạm đóng cửa khắc phục sự cố sau bão YagiẢnh: Dân trí
Công bố đề minh họa kỳ thi vào lớp 10 năm học 2024  2025 Các em học sinh 2k10 lưu lại nhé
"CƠ HỘI HỌC THỬ CHUẨN QUỐC TẾ, GIAO LƯU VỚI SINH VIÊN, GIẢNG VIÊN, CHUYÊN GIA HƯỚNG NGHIỆP, CHUYÊN GIA TÂM LÝ  GIÁO DỤC TẠI NGÀY TRẢI NGHIỆM RMIT 2024Ngày 24/11 tới đây, Đại học RMIT Việt Nam sẽ tổ chức Ngày Trải Nghiệm  cơ hội để các em học sinh cấp 3  lớp 10, 11, 12 có cơ hội trải nghiệm một ngày làm sinh viên RMIT thông qua các hoạt động như: học thử các ngành đang được giảng dạy tại RMIT, giao lưu với sinh viên, giảng viên trong trường, tìm hiểu về ngành học, phương p… Xem thêm"
Đề thi môn Vật lý và Hóa học kỳ thi tốt nghiệp THPT Quốc Gia
"Từ năm học 2024 – 2025, Trường ĐH FPT sẽ đón lứa sinh viên đầu tiên với định hướng đào tạo chuyên sâu về Thiết kế vi mạch điện tử, thực hiện nghiên cứu cho chuyên ngành vi mạch bán dẫn của Việt Nam Theo đại diện trường, dự kiến chỉ tiêu là 1000 và thí sinh trúng tuyển có thể học tại Hà Nội, Đà Nẵng, TPHCM hoặc Cần Thơ Các bạn sẽ được xem xét cấp học bổng từ 50% đến 100% cho ít nhất 2 học kỳ chuyên ngành đầu tiên Một số sinh viên xuất sắc sẽ được xem xét nhận học bổng t… Xem thêm"
"Hình ảnh các em học sinh năng động chơi thể thao, trò chuyện, tương tác với nhau trong giờ ra chơi sau khi cấm sử dụng điện thoại trong trường học Cùng chia sẻ hình ảnh trường lớp các em vào nhóm Học sinh Hà Nội  nha Các hình ảnh, clip dễ thương sẽ được lựa chọn để đưa lên page Ảnh: Nhóm Học sinh Hà Nội"
"Sáng 6/10, Sở GD&ĐT Hà Nội tổ chức tuyên dương khen thưởng học sinh Vũ Nguyên Sơn, thí sinh vừa xuất sắc giành ngôi vị Á quân Đường lên đỉnh Olympia năm thứ 22Tại Cuộc thi “Đường lên đỉnh Olympia năm 2022”, với 185 điểm, em Vũ Nguyên Sơn, học sinh trường THPT chuyên Hà Nội Amsterdam đã xuất sắc giành ngôi vị Á quânĐây là thành tích đáng tự hào của không chỉ của Vũ Nguyên Sơn và gia đình mà còn là niềm hãnh diện của học sinh, thầy cô giáo trường THPT chuyên Hà Nội Amste… Xem thêm"
"Thầy Nguyễn Hữu Quyết, sinh năm 1998, hiện là giáo viên dạy Giáo dục Kinh tế và pháp luật tại trường THPT Huỳnh Thúc Kháng, Hà Nội Thầy là người trẻ nhất nhận giải thưởng Nhà giáo tâm huyết, sáng tạo 2024 của Hà Nội, từng là thủ khoa ở Đại học Sư phạm Hà NộiTheo Vnexpress"
"Trường Đại học Luật Hà Nội công bố điểm chuẩn phương thức xét điểm thi tốt nghiệp THPT 2024, trong đó ngành cao nhất Luật Kinh tế (tổ hợp C00) với 28,85 điểm"
Review mới nhất về Đại học Phương Đông (Hà Nội) cho các bạn 2k6 tham khảo
"ĐH Kiến trúc Hà Nội công bố điểm chuẩn năm 2022Ngày 16/9, Trường Đại học Kiến trúc Hà Nội đã họp và thống nhất công nhận điểm trúng tuyển đại học hình thức chính quy đợt 1 năm 2022 đăng ký xét tuyển bằng kết quả thi tốt nghiệp THPT năm 2022 và phương thức thi tuyển kết hợp với xét tuyển"
"Dự kiến đối với môn Ngữ văn 10 trong chương trình mới, đề bài kiểm tra định lượng sẽ là đề bài dạng mở, tự do và sáng tạo với những yêu cầu chung của chuẩn kiến thức kỹ năng và yêu cầu linh hoạt theo tình hình thực tế của mỗi đối tượng trong từng địa phươngNội dung bài kiểm tra nêu một vấn đề trong tình huống cụ thể để học sinh vận dụng kiến thức, kỹ năng xử lýViệc học thuộc, nhớ lâu sẽ không còn ý nghĩa Học sinh học hiểu và vận dụng tri thức tích hợp giải quyết vấn đề n… Xem thêm"
Danh sách 110 đội bóng THPT Hà Nội tham dự mùa giải 2024
Đại học Y Hà Nội công bố danh sách trúng tuyển thẳng 2022
Trường ĐH Xây dựng Hà Nội vừa thông báo điểm chuẩn trúng tuyển đợt 1 vào đại học chính quy năm 2022
"Cặp song sinh đỗ chuyên Toán ba trườngNguyễn Ngọc Huy Anh và Nguyễn Ngọc Khánh Anh đều là học sinh lớp 9A, trường THPT chuyên Hà Nội  Amsterdam (Ams) Cả hai đạt lần lượt 47 và 44,5 điểm trong kỳ thi vào lớp 10 của Hà NộiỞ môn Toán điều kiện, Huy Anh được 10 điểm, còn Khánh Anh 9,75 Ngoài ra, với 9 điểm Toán chuyên, Huy Anh còn trong top 3 về tổng điểm xét tuyển lớp chuyên này của Hà Nội… Xem thêm"
Bộ Giáo dục & Đào tạo công bố Đề minh họa kiểm tra định kỳ lớp 10 theo chương trình mới của tất cả các mônLink download tất cả các môn trong comment nhé các em
Còn 12 ngày nữa tới Kỳ thi THPT Quốc gia 2024
Các bạn nam của một số khối lớp đã bắt đầu tổ chức ngày 20/10 và tặng những món quà nhỏ dễ thương cho các bạn nữ trong lớp Cùng chia sẻ hình ảnh và lan tỏa không khí của ngày 20/10 tại trường lớp các em trong nhóm Học sinh Hà Nội nhé
"Đại học Bách khoa Hà Nội sáng 2/11 công bố lịch kỳ thi đánh giá tư duy 2025 với ba đợt, tại 30 điểm thiNgoài 12 tỉnh, thành như năm qua là Hà Nội, Hưng Yên, Hải Dương, Hải Phòng, Quảng Ninh, Thái Nguyên, Nam Định, Thái Bình, Nghệ An, Thanh Hóa, Hà Tĩnh, Đà Nẵng, trường mở thêm điểm thi ở tỉnh Lào Cai để thí sinh ở các tỉnh vùng Tây Bắc thuận tiện hơnVnexpress"
"Chứng khoán và đầu tư đã được đưa vào nội dung dạy học của sách giáo khoa Toán lớp 10 mới Đây là những nội dung chưa từng có trong các sách giáo khoa cũ mà tới đây các học sinh lứa 2007 sẽ được họcQua tìm hiểu của VietNamNet, nội dung bài học này ở Sách giáo khoa Toán 10 tập 1 thuộc bộ Kết nối tri thức với cuộc sống, do Nhà xuất bản Giáo dục Việt Nam phát hànhPhần giới thiệu sách nêu, các kiến thức trình bày trong sách đều xuất phát từ những tình huống của cuộc sống qua… Xem thêm"
"KUN MARATHON HÀ NỘI 2024 chào đón 2000 KUN RUNNER đến với giải chạy vui nhất chất nhất Việt Nam  Đường trượt sữa thạch Kun Kun DÀI  ĐỘC  LẠ nhất Hà Nội vẫn diễn ra đến 20g hôm nay tại Công viên Thống Nhất Ba mẹ mau mau đưa bé đến trải nghiệm nhé! Giờ thì cùng xem những bức hình tràn ngập nụ cười và sự vui tươi từ Papa bự Xuân Bắc, Siu Lì Bảo Ngọc, Vđv tâng bóng Việt Anh, Minh Đức, Tiktoker Tiểu Ngáo, Hoàng Hôn cùng hàng ngàn các bạn Kun Runner và ba mẹ tại thủ … Xem thêm"
"Thủ khoa khối A đồng thời thủ khoa toàn quốc là một nam sinh đến từ Hà Nội Thí sinh này có tổng điểm 3 môn khối A là 30 điểm tuyệt đốiVới số điểm tuyệt đối như vậy, không chỉ là thủ khoa khối A mà cựu học sinh trường THPT Quốc Oai (Hà Nội) này còn giành luôn ngôi vị thủ khoa toàn quốc"
"Điểm thi đại học thấp thì phải làm gì bây giờ?Mùa chuyển nguyện vọng đã đến, tổng hợp ý kiến từ các sinh viên đã kinh qua kì thi trọng đại này cho sĩ tử tham khảo:1 Làm gì thì làm, thấp đến mấy nhất định phải học ngành muốn, đừng chọn bừa, 4 năm không ngắn đâu… Xem thêm"
Công bố điểm chuẩn chọn học sinh giỏi vào đội tuyển thành phố của Hà NộiSở Giáo dục và Đào tạo Hà Nội vừa thông báo công bố kết quả bài thi Kỳ thi chọn học sinh giỏi các môn văn hóa lớp 12 trung học phổ thông năm 20222023 và điểm chuẩn tham dự Kỳ thi chọn học sinh giỏi vào các đội tuyển thành phố dự thi học sinh giỏi quốc giaKết quả bài thi Kỳ thi chọn học sinh giỏi các môn văn hóa lớp 12 trung học phổ thông năm 20222023 được Sở Giáo dục và Đào tạo gửi tới các trường có … Xem thêm
"Đại học Quốc gia Hà Nội công bố điểm chuẩn: Cao nhất 29,95 điểm"
"Đại học Bách khoa Hà Nội công bố điểm chuẩn năm 2024: cao nhất 28,53 điểmVề điểm chuẩn trúng tuyển vào các chương trình đào tạo của Đại học Bách khoa Hà Nội khá sát so với mức Nhà trường đã dự báo Hầu hết các thí sinh đã tận dụng tối đa cơ hội để xét tuyển vào Đại học Bách khoa Hà Nội khi sử dụng cả điểm thi ĐGTD (TSA) và điểm thi tốt nghiệp THPTChương trình Khoa học máy tính (IT1) lấy điểm chuẩn cao nhất là 8382 đối với điểm thi ĐGTD (TSA) và 2853 đối với điểm thi tốt… Xem thêm"
"Với 24/40 điểm, Hà Đăng An, lớp 10G0, trường THCS&THPT Newton, là một trong hai học sinh lớp 10 được chọn vào đội tuyển Toán thi cấp quốc gia của Hà Nội năm nay Kỳ thi vốn dành cho học sinh giỏi lớp 12, nhiều năm qua rất hiếm học sinh lớp 10 được tham dựAn cho biết yêu thích môn Toán từ năm lớp 6, khi được chọn vào đội tuyển học sinh giỏi của trường THCS Nam Từ Liêm Được các thầy cô dìu dắt, An ngày càng học tốt môn nàyNăm lớp 9, An giành giải nhì học sinh giỏi thành … Xem thêm"
"Đề thi thử lần 1 môn Toán 9 năm học 2024 – 2025 trường THCS Lý Nam Đế, quận Nam Từ Liêm"
Cả 5 học sinh Hà Nội đại diện cho Việt Nam dự Kỳ thi Olympic Thiên văn và Vật lý Thiên văn quốc tế IOAA 2024 lần thứ 17 đều xuất sắc đoạt huy chương Đây là lần đầu tiên 100% thành viên đoàn dự thi IOAA của Việt Nam giành huy chương tại kỳ thi nàyKỳ thi IOAA diễn ra tại Brazil từ ngày 17/8/2024 đến ngày 27/8/2024 Đoàn học sinh Hà Nội đại diện cho Việt Nam tham dự gồm 5 học sinh đều đến từ Trường Trung học phổ thông chuyên Hà Nội  Amsterdam
"ĐHQGHN dự kiến tổ chức 8 đợt thi đánh giá năng lực năm 2023 tại 8 tỉnh, thành trong cả nước2k5 lưu ý nhé các em"
Còn 04 ngày tới Kỳ thi tốt nghiệp THPT Quốc gia 2024
"Trường ĐH Công nghệ  ĐH Quốc gia Hà Nội, vừa công bố điểm sàn các ngành đào tạo đại học hệ chính quy năm 2024 theo phương thức xét tuyển kết quả thi tốt nghiệp THPT"
Điểm chuẩn Đại học Thương mại cao nhất 27
"Đề kiểm tra giữa học kỳ 1 môn Toán 12 năm học 2024 – 2025 trường THCS & THPT Nguyễn Bỉnh Khiêm, quận Cầu Giấy Đề thi gồm mã đề lẻ và mã đề chẵn, cấu trúc trắc nghiệm 03 phần (trắc nghiệm 04 phương án lựa chọn, trắc nghiệm đúng hoặc sai, trắc nghiệm trả lời ngắn), thời gian làm bài 90 phút"
"Chúc mừng em Nguyễn Hà Nhi, học sinh lớp 12D1 Trường THPT Nguyễn Gia Thiều (Long Biên), là một trong hai thủ khoa của kỳ thi tốt nghiệp THPT Quốc gia năm nay với cùng 57,85 điểm Hà Nhi gây ấn tượng với 3 điểm 10 lịch sử, địa lý, giáo dục công dân Điểm các môn còn lại gồm toán 8,8, văn 9,25, tiếng Anh 9,8Báo Tuổi trẻ"
"Đại diện Trường ĐH Xây dựng Hà Nội cho hay nhà trường có thông báo tới toàn thể giảng viên không mang xe ô tô đến trường trong những ngày đón sinh viên khóa mới Còn những hình ảnh thông báo “toàn thể sinh viên không để xe ô tô trong sân trường” là không đúng sự thật, là ảnh chế Biển báo đã bị sửa đi một từ   giảng viên  được sửa thành  sinh viên"
"Bớ 2K4 ơi! Ở đây có nạp “MOOD” MIỄN PHÍTạm gác hết những âu lo lại, dừng chân ghé đây xem hìnhTa sẽ không quay đầu để rồi phải tiếc nuối những chuyện cũ đã qua… Xem thêm"
Quá nhiều sự dễ thương các bạn nam sinh Hà Nội đã dành cho các cô và các bạn nữ trong lớp mình ngày hôm nay10 điểm không có nhưng
"Điểm chuẩn Đại học Dược Hà Nội 2024, hơn 8 điểm/môn mới đỗ"
"HÀNG NGÀN THÍ SINH 2K9 CÓ NGUY CƠ KHÔNG ĐỖ NGUYỆN VỌNG SAU KHI CÔNG BỐ ĐIỂM CHUẨN Vào ngày 1/7/2024, thành phố Hà Nội chính thức công bố điểm chuẩn của các trường THPT cho hơn 106000 học sinh thi vào lớp 10 năm nay Với con số thí sinh này, các bạn học sinh 2K9 sẽ phải đối mặt với tỷ lệ chọi vô cùng cao và khắc nghiệt sau khi công bố điểm chuẩn của các trường THPT, đồng nghĩa với đó sẽ có hàng ngàn học sinh có nguy cơ không trúng tuyển vào trường theo nguyện vọng Được … Xem thêm"
"TUYỂN SINH CHƯƠNG TRÌNH CỬ NHÂN 2+1  GIẢI PHÁP CHO THÍ SINH MUỐN HỌC NHANH, ĐI LÀM SỚM, CÓ 2 BẰNG 1 LÚC VỚI CHI PHÍ THẤP  Bạn vừa hoàn thành kỳ thi tốt nghiệp THPT và đang phân vân lựa chọn hướng đi tiếp theo? Làm sao để có thể học nhanh, ra trường sớm và bắt đầu sự nghiệp với lợi thế song bằng quốc tế chỉ trong 3 năm? Chương trình cử nhân 2+1 tại Viện Đào Tạo Quốc Tế FPT chính là giải pháp hoàn hảo cho bạn! Hãy khám phá cơ hội trải nghiệm chương trình học chất lượng c… Xem thêm"
Món quà các em học sinh Hà Nội tặng cô nhân ngày 20/11
Công bố ĐIỂM CHUẨN CHUYÊN năm học 2024  2025
"Theo cấu trúc định dạng đề thi mà Sở GD&ĐT công bố, các môn thi trắc nghiệm được thay đổi theo định dạng của đề thi tốt nghiệp THPTThí sinh không còn cơ hội  khoanh bừa  vẫn trúng mà phải thực sự có khả năng lập luận, phân tích và nắm chắc kiến thức nền tảng để trả lời được câu hỏi trắc nghiệm dạng thức đúng  sai và dạng thức trả lời ngắnỞ dạng thức đúng  sai, mỗi câu hỏi có 4 ý, thí sinh chỉ được điểm tối đa khi trả lời đúng cả 4 ý Nếu chỉ trả lời được 3 trong 4 ý, … Xem thêm"
"Đề Toán  thi tốt nghiệp THPT Quốc gia 2024 chiều nay, các em đánh giá đề này như nào?"
"Các em 2k6 lưu ý, lịch nộp lệ phí xét tuyển đại học trực tuyến của các thí sinh Hà Nội là từ ngày 31/07 đến 17h ngày 1/8/2024"
Lịch nghỉ Tết Nguyên đán dự kiến của sinh viên một số trường ĐH tại Hà  năm 2025
"Phạm Minh Anh trở thành thủ khoa lớp 10 trường THPT chuyên Khoa học Xã hội và Nhân văn với 9,5/10 điểm môn Địa chuyênĐây là năm đầu tiên trường chuyên Nhân văn tuyển sinh lớp 10 với duy nhất bài thi môn chuyên, thay vì có thêm ba môn chung Toán, Văn và Tiếng Anh như các năm trước Điểm của Minh Anh là mức cao nhất trong số hơn 1500 thí sinhTheo Vnexpress"
"LỰA CHỌN NGÀNH NGHỀ CÓ TRÁCH NHIỆM, BẠN ĐANG Ở GIAI ĐOẠN NÀO? Khi chọn ngành, chọn trường, có rất nhiều bạn học sinh chú trọng đến các yếu tố như: sở thích, đam mê của bản thân; đặc điểm tính cách và điểm mạnh, điểm yếu cá nhân; đặc thù và xu hướng ngành nghề; điều kiện tài chính gia đình; cũng như chương trình, chất lượng đào tạo   Bạn đã tìm hiểu được đến đâu rồi?  Đủ để lập xong một bản kế hoạch xác định trường và ngành học cho bản thân, thậm chí không chỉ có một l… Xem thêm"
"Ngày hôm nay 2310, 260 bạn học sinh thuộc 13 đội tuyển học sinh giỏi thành phố đã chính thức ra mắt để tham dự kỳ thi học sinh giỏi quốc gia năm học 20242025Năm nay, ngoài sự tham gia của 4 trường THPT chuyên thì còn có học sinh đến từ nhiều trường công lập, ngoài công lập không chuyên của Hà Nội như THCS&THPT Newton, THPT Hoàng Long, THPT&THCS Nguyễn Bỉnh Khiêm, THPT Phan Huy ChúĐống Đa, THPT Trần Hưng ĐạoHà Đông, THPT Việt Đức, THPT Lương Thế VinhẢnh: Hà Nội Mới | Kinh tế & Đô"
Giờ ra chơi TRƯỚC và SAU khi hạn chế dùng điện thoại tại trường
Đề thi khảo sát chất lượng lần 1 môn Toán 12 bộ sách Cánh Diều năm học 2024 – 2025 trường THPT Lý Thường KiệtCác bạn 2k7 lưu về tham khảo nhé
"“Đ̀ ̂ ́ℎ ̣ℎ ̀ℎ ̣ ℎ ̉ ̛̛̃ ̀  ̀ ̂̀”  7g30p TỐI NGÀY MAI (14/09), FPT Arena sẽ livestream vừa giúp các bạn trả lời từ AZ những vấn đề mà bạn còn mù mờ trong chương trình học 4 kỳ  2 năm về Multimedia, vừa TẶNG QUÀ XỊN lên đến 30 TRIỆU ĐỒNG dành cho những bạn tham dự đó! Buổi livestream được dẫn dắt bởi 2 khách mời: Diễn giả Hà Kim, hay còn được biết đến với cái … Xem thêm"
"Vượt qua gần 107000 thí sinh, Vũ Hoàng Khánh Uyên (học sinh lớp 9B, Trường THPT Chuyên Hà Nội – Amsterdam) trở thành thủ khoa kỳ thi lớp 10 ở Hà Nội năm 2022 với số điểm 48,5/50, trong đó Uyên đạt 2 điểm 10 môn Toán, Tiếng Anh và 9,25 điểm Ngữ Văn[Vietnamnet"
Kỳ thi đánh giá năng lực của Trường ĐH Sư phạm Hà Nội năm 2025 diễn ra ngày 1718/5/2025 (rơi vào thứ bảy và chủ nhật) Công bố điểm thi trước 15/6/2025Thời gian đăng ký dự thi: Từ ngày 15/3 đến ngày 15/4/2025 tại một trong bốn điểm thi: Trường ĐHSP Hà Nội; Trường ĐH Vinh; Trường ĐH Quy Nhơn; Trường ĐHSP  ĐH Đà Nẵng Cụ thể chi tiết phương thức đăng kí dự thi sẽ được nhà trường thông báo sauDân trí
Hình ảnh quen thuộc của học sinh Hà Nội những ngày này: cất điện thoại vào hộp trước khi vào học Ảnh: Phạm Hà Thanh /Vnexpress
Sở Giáo dục và Đào tạo Hà Nội công bố điểm chuẩn trúng tuyển bổ sung vào lớp 10 của các trường trung học phổ thông có lớp chuyên và lớp 10 chương trình song bằng tú tài năm học 20222023
Còn 03 ngày tới Kỳ thi tốt nghiệp THPT Quốc gia 2024
"Điểm chuẩn Đại học Hà Nội từ 25,08 đến 35,8/40, cao nhất là ngành Ngôn ngữ Trung QuốcTrong 26 ngành/chương trình đào tạo, hai ngành lấy điểm từ 35,43/40 trở lên Với điểm ngoại ngữ nhân hệ số hai, ngành Ngôn ngữ Trung Quốc lấy 35,8 điểm, tăng 0,05 so với năm trước Cũng với mức tăng tương tự, ngành Ngôn ngữ Anh xếp thứ 2, lấy điểm chuẩn 35,43 điểm"
"Sáng ngày hôm nay 15/09, Greenwich Việt Nam cơ sở Hà Nội đã tổ chức Lễ khai giảng chào mừng các tân sinh viên khóa 11Lễ Khai giảng được tổ chức tại Trung tâm hội nghị quốc gia với sự tham gia đông đảo của phụ huynh, tân sinh viên và khách mời là đại diện đến từ các doanh nghiệp Greenwich Việt Nam là chương trình liên kết quốc tế giữa Đại học Greenwich, Vương Quốc Anh và trường Đại học FPT, đào tạo 6 chuyên ngành “hot” với chương trình học chuyển giao nguyên bản 100% từ … Xem thêm"
"MELBOURNE POLYTECHNIC AUSTRALIA – NGÔI TRƯỜNG MƠ ƯỚC CỦA THẾ HỆ SINH VIÊN Melbourne Polytechnic Australia có hơn 70 chương trình nghề được tổ chức giảng dạy tại 7 cơ sở và 3 trung tâm đào tạo ở Melbourne, Úc Trường là một trong những cơ sở giáo dục lớn tại Úc, chào đón sinh viên đến từ hơn 70 quốc gia trên thế giới đến nhập học Tiếp thu tinh hoa từ xứ sở chuột túi xa xôi, Melbourne Polytechnic Việt Nam ra đời với sứ mệnh mang nền giáo dục Úc tới gần hơn với sinh viên V… Xem thêm"
Đề thi đánh giá tư duy ĐH Bách khoa Hà Nội năm 2022 vừa thi sáng nay Các em tham khảo nhéCác thí sinh đã trải qua 3 bài thi: Toán (90 phút); Đọc hiểu (30 phút); Tiếng Anh (60 phút)Ảnh: Vietnamnet
Trường Đại học Y Dược  Đại học Quốc gia Hà Nội công bố điểm chuẩn năm 2024 như sau:
"Hình ảnh các đơn vị CSGT trên địa bàn Hà Nội tăng cường kiểm tra, xử lý các hành vi vi phạm về trật tự an toàn giao thông đối với học sinh THCS, THPT, phụ huynh, người giám hộ, người giao phương tiện cho học sinh khi chưa đủ điều kiện điều khiển trong tháng cao điểm bảo đảm trật tự an toàn giao thôngcho lứa tuổi học sinh (từ ngày 1/10 đến 31/10/ 2024)Ảnh: Báo Lao Động"
"Nam sinh trường chuyên bị 0 điểm vì ngủ quên trong phòng thiEm HNT kể buổi thi môn Tiếng Anh vừa qua, sau khi nhận đề, em làm nháp vào tờ đề với khoảng hơn 40 câu“Sau khi làm bài được khoảng 15 phút, do mệt quá, em gục xuống bàn và không hay biết gì nữa Tới lúc nghe giám thị kêu nộp bài, em tỉnh dậy và chưa kịp điền vào tờ trả lời trắc nghiệm Em có xin giám thị cho vài phút để điền đáp án nhưng họ không đồng ý vì sai quy chế”, em T buồn kể lại… Xem thêm"
"XÉT TUYỂN THẲNG VÀO LỚP 10 VỚI ƯU ĐÃI VÀ HỌC BỔNG ĐẶC BIỆT CHO CẢ CẤP THPT Ưu đãi đặc biệt cả cấp học, áp dụng cho  chỉ tiêu nộp hồ sơ nhập học sớm nhất, trước , ̛́ ́, // Học bổng tới % cả cấp học dành cho  học sinh có điểm xét tuyển cao Đăng ký xét tuyển tại: https://sentiaschooleduvn/kiemtradauvaocapthpt/THPT SENTIA: XÉT TUYỂN THẲNG VÀ CHINH PHỤC HỌC BỔNG TỚI 100% BẰNG ĐIỂM THI LỚP 10 VÀ THI CHUYÊNSenTia School xét tuyển the… Xem thêm"
Còn 11 ngày nữa tới Kỳ thi THPT Quốc gia 2024
"Trường ĐH Khoa học Xã hội và Nhân văn  ĐH Quốc gia Hà Nội vừa công bố điểm chuẩn hệ đại học chính quy năm 2022 vào các ngành theo phương thức sử dụng kết quả thi tốt nghiệp THPT và phương thức xét tuyển chứng chỉ ngoại ngữ quốc tếTheo đó, 3 ngành có mức điểm chuẩn cao nhất của Trường ĐH Khoa học Xã hội và Nhân văn  ĐH Quốc gia Hà Nội năm 2022 là Đông phương học, Hàn Quốc học và Quan hệ công chúng với điểm chuẩn 29,95 ở tổ hợp khối C00Dưới đây là điểm chuẩn các ngành củ… Xem thêm"
"Nguyễn Nhật Minh  cựu học sinh trường THCS Chu Văn An, quận Long Biên  là thí sinh duy nhất đạt điểm 10 chuyên Lý trường THPT Chuyên Khoa học Tự nhiên Nam sinh đạt tổng điểm 26,5 trong kỳ thi vào lớp 10 trường chuyên Khoa học Tự nhiên, hồi đầu tháng Trong đó, 6,5 điểm môn Toán chung, 10 điểm Lý chuyên (nhân hệ số 2)Với điểm số này, Minh trở thành một trong hai thí sinh dẫn đầu lớp chuyên Lý, thừa 8 điểm so với điểm chuẩn… Xem thêm"
"Bộ GDĐT vừa ban hành khung kế hoạch thời gian năm học 20222023 đối với giáo dục mầm non, giáo dục phổ thông và giáo dục thường xuyênTheo đó, thời gian tựu trường sớm nhất trước 1 tuần so với ngày tổ chức khai giảng Riêng đối với lớp 1, tựu trường sớm nhất trước 2 tuần so với ngày tổ chức khai giảng Tổ chức khai giảng vào ngày 5/9/2022Kết thúc học kỳ I trước ngày 15/1/2023, hoàn thành kế hoạch giáo dục học kỳ II trước ngày 25/5/2023 và kết thúc năm học trước ngày 31/5… Xem thêm"
"Em Nguyễn Mai Lan Nhi (lớp 9A2 Trường THCS Linh Đàm) xuất sắc trúng tuyển 3 trường chuyên: Chuyên Toán  Trường THPT Chuyên ĐH Sư phạm với tổng điểm 29,75, cao hơn 3 điểm so với điểm chuẩn Chuyên Tin  Trường THPT Chuyên Khoa học Tự nhiên với tổng điểm 20,5 (điểm chuẩn là 19,5) Chuyên Anh  Trường THPT Chuyên Ngoại ngữ với tổng điểm 26,74, cao hơn mức điểm chuẩn của trường đưa ra 1,74 điểmTh… Xem thêm"
Học viện Báo chí và Tuyên truyền công bố điểm chuẩn
"ĐH Khoa học tự nhiên  ĐHQG Hà Nội công bố điểm sàn xét tuyển từ 2022 điểmĐH Khoa học tự nhiên lưu ý, điểm sàn là tổng điểm của 3 bài thi (theo tổ hợp tương ứng) cộng với điểm ưu tiên theo khu vực, đối tượng (nếu có) và áp dụng cho tất cả các tổ hợp của ngành đăng kí xét tuyểnĐối với thí sinh thi tốt nghiệp THPT năm 2022, kết quả môn Tiếng Anh đạt tối thiểu 6,0 điểm (theo thang điểm 10) hoặc sử dụng một trong các chứng chỉ Tiếng Anh quốc tế tương đương được công nhận quy… Xem thêm"
"Bạn Ngô Nguyễn Thiên An, lớp 12 chuyên Nga, trường THPT chuyên Hà Nội  Amsterdam, đạt 85 IELTS, trong đó ba kỹ năng Nghe, Nói, Đọc đạt tuyệt đối  90 An đạt kết quả này sau bài thi trên máy, hôm 26/10 Trước đó, trong những lần làm bài tập hoặc thi thử ở lớp IELTS, An cũng đạt mức 885 ở ba kỹ năng nàyVnexpress"
Đề thi môn Ngữ văn năm nay gọi tên tác phẩm Đất Nước
"SAU NGÀY CÔNG BỐ ĐIỂM CHUẨN VÀO 10: HỌC SINH LAO ĐAO ĐỖ  TRƯỢT KHÓ TIN, CHA MẸ SỐT SẮNG TÌM TRƯỜNGHàng ngàn học sinh Hà Nội đang lao đao trong cơn bão điểm chuẩn vừa được công bố! Niềm vui vỡ òa nhưng cũng xen lẫn nước mắt thất vọng Trong khi nhiều học sinh trên 30 vẫn đang loay hoay thì có những trường chỉ cần hơn 3,4 điểm/môn đã có thể  vượt qua cánh cửa  vào lớp 10 (Theo Vietnamnet)Điểm chuẩn không quá cao nhưng tỷ lệ chọi cao ngất ngưởng tại nhiều trường THPT công … Xem thêm"
"Hà Nội chúng ta hãy cũng cổ vũ cho thí sinh Nguyễn Nguyên Phú đến từ trường THPT chuyên Sư phạm sẽ tham gia trận Chung kết Đường lên đỉnh Olypia năm 2024 vào lúc 8h30 sáng ngày mai 1310 nhéTrận chung kết lần thứ 24 cũng sẽ được truyền hình trực tiếp từ điểm cầu Văn Miếu  Quốc Tử Giám Chúc cho Nguyên Phú bình tĩnh, tự tin và thể hiện hết mình nhé"
Điểm chuẩn Học viện Báo chí và Tuyên truyền năm 2022
"ĐH Ngoại thương công bố điểm trúng tuyểnTheo đó, hội đồng tuyển sinh ĐH Ngoại thương đã họp thống nhất phương án điểm trúng tuyển các mã xét tuyển của trường cho các phương thức xét tuyển sử dụng kết quả thi tốt nghiệp THPT năm 2022Trong đó, điểm trúng tuyển các nhóm ngành theo phương thức xét tuyển 4  phương thức xét tuyển dựa trên kết quả thi THPT năm 2022  tại trụ sở chính Hà Nội và cơ sở II (TPHCM) tương đối đồng đều và có mức điểm thấp nhất là 27,5 của tổ hợp A00"
"Hà Nội: Ngập tràn không khí hân hoan trong ngày tựu trườngSáng 29/8, học sinh các trường học tại Hà Nội đã đến trường tập trung để gặp gỡ thầy cô, bạn bè, chuẩn bị cho khai giảng năm học mớiẢnh: Tổng hợp nhiều nguồn"
"Lễ phục trường người ta như này, lễ phục trường các em như nào? Lễ phục tốt nghiệp của trường Khoa học liên ngành và Nghệ thuật gồm áo choàng, mũ trùm, lấy cảm hứng từ lễ phục của Đại học Cambridge và Oxford, kết hợp họa tiết truyền thốngTrường Khoa học liên ngành và Nghệ thuật, Đại học Quốc gia Hà Nội (VNUSIS) cho biết sẽ sử dụng trang phục này trong lễ tốt nghiệp và trao bằng cho sinh viên, bắt đầu từ năm học này… Xem thêm"
"Hai thí sinh cùng đạt 2935 điểm, ở Hà Nội và Thái Bình là đồng thủ khoa tổ hợp xét tuyển khối B, kỳ thi tốt nghiệp THPT năm 2022Thí sinh đến từ Hà Nội, SBD 01****11 Điểm số 3 môn khối B của em lần lượt là Toán: 960 điểm; Hóa học: 975 điểm và Sinh học: 10 điểm; tổng 2935 điểm Ngoài số điểm 3 môn rất cao nói trên, thí sinh Hà Nội có điểm các môn thi còn lại lần lượt là Ngữ văn: 775 điểm; Ngoại ngữ: 920 điểm và Vật lý: 700 điểm"
"Sở GDĐT Hà Nội công bố điểm chuẩn trúng tuyển bổ sung vào lớp 10 của các trường THPT công lập năm học 2022  2023Ngoài ra, công bố chi tiết chỉ tiêu và điểm chuẩn bổ sung vào các trường THPT công lập năm 2022 và đối với thí sinh diện F0 xết tuyển như sau:"
"Một số hình ảnh trong sáng nay 31/10, khi tổ công tác của Đội CSGT đường bộ số 6 (Phòng CSGT Công an TP Hà Nội) kiểm tra đột xuất bãi trông giữ xe bên trong trường THCS  THPT Hà Thành (quận Bắc Từ Liêm) Quá trình kiểm tra, tổ công tác phát hiện nhiều xe mô tô nhãn hiệu: Honda Vision, SH150 có phân khối từ 110cc  150ccLực lượng CSGT đã phối hợp cùng Ban Giám hiệu nhà trường để mời học sinh điều khiển xe trên 50cc xuống nhận phương tiện và ký cam kết, nghe tuyên truyền … Xem thêm"
CƠ HỘI NHÂN ĐÔI BẰNG CẤP VỚI CHƯƠNG TRÌNH DIPLOMA NEW ZEALAND  Nếu bạn đang tìm kiếm CƠ HỘI VƯỢT RÀO NĂM NHẤT tại các trường Đại học hàng đầu New Zealand đồng thời: Tối ưu hóa cơ hội học bổng Ứng tuyển đầu vào mềm hơnC… Xem thêm
"Nguyễn Thị Thu Minh, học sinh lớp 9A, Trường THPT Chuyên Hà Nội Amsterdam trở thành thủ khoa chuyên Toán của Sở GDĐT Hà Nội với tổng điểm xét tuyển là 47,5 điểmCụ thể, điểm thi môn Toán chuyên của Thu Minh là 9,75, Toán điều kiện đạt 9,75, Tiếng Anh đạt 9,75, Văn đạt 8,5 điểm Theo công thức Điểm xét tuyển = Tổng điểm các bài thi không chuyên (hệ số 1) + Điểm bài thi chuyên (hệ số 2), nữ sinh đạt tổng điểm là 47,5Trước đó, Thu Minh đã đỗ thủ khoa lớp chuyên Lý của Trườn… Xem thêm"
"Không đến từ trường chuyên, lớp chọn, Lê Thị Kim Ngân  học Trung tâm GDNN GDTX thị xã Sơn Tây (Hà Nội) đã xuất sắc đạt 29,0 điểm tổ hợp C00Với số điểm 2900, em Lê Thị Kim Ngân đăng ký xét tuyển vào Trường Đại học Sư phạm Hà Nội, chuyên ngành Sư phạm Lịch sử Theo Giáo dục và Thời đại"
Danh sách 26 trường đại học tăng học phí năm 20222023
"Lớp học đặc biệt ở Hà Nội: 4 thủ khoa thi lớp 10, 42/43 bạn đỗ trường chuyênTrong mùa thi tuyển sinh vào lớp 10 chuyên và lớp 10 công lập của Hà Nội với sự cạnh tranh gay gắt, có một lớp học đặc biệt: Có 4 học sinh đỗ thủ khoa vào 5 hệ chuyên (trong đó, 1 học sinh đỗ thủ khoa “kép”) Đó là lớp 9A, Trường THPT Chuyên Hà NộiAmsterdamBốn học sinh đỗ thủ khoa này gồm: Hà Mạnh Hùng – Hùng là học sinh duy nhất của Hà Nội đỗ thủ khoa “kép” chuyên Toán Trường Chuyên Sư phạm và C… Xem thêm"
"Em Nguyễn Tiến Lộc, lớp 12, trường THPT chuyên Khoa học Tự nhiên, Đại học Quốc gia Hà Nội xuất sắc giành HCV trong kỳ thi Olympic Sinh học quốc tế (IBO) lần thứ 35 tại KazakhstanNăm ngoái, em là thí sinh nhỏ tuổi nhất nhưng mang về huy chương bạc duy nhất cho đoàn Việt Nam tại IBO lần thứ 34 ở Các tiểu Vương quốc Arab Thống nhất (UAE) Nam sinh đã đặt mục tiêu thi lại năm sau để cải thiện thành tíchTheo Vnexpress"
Đề kiểm tra đội tuyển lần 1 Toán 9 năm 2024 – 2025 trường THCS Nam Từ LiêmCác em lớp 9 lưu về để tham khảo nhé
"Học sinh THPT Liên Hà quá chất, ẵm trọn danh hiệu Thủ khoa 3 khối của TrườngNghiêm Xuân Hải Anh đã giành được thành tích đáng nể trong kỳ thi THPT Quốc gia 2024 với số điểm: Toán: 94, Lý: 975, Hóa: 975, Anh: 86 Nam sinh cũng là Thủ khoa 3 khối A0, A1, D7 của Trường THPT Liên Hà (Hà Nội)Đam mê lĩnh vực Công nghệ thông tin và sở hữu số điểm “rộng cửa” vào các trường hot, sau khi cân nhắc kỹ lưỡng cùng sự tư vấn của gia đình và thầy cô, Hải Anh quyết định trở thành si… Xem thêm"
"Anh HuyNL  Schannel đã đến tâm sự chuyện ngành Multimedia với FPT Arena rồi đây nè!!Dành tặng cho team xa Hà Nội không thể đến tham gia trực tiếp, yên tâm không bị bỏ lỡ cuộc “tâm sự  của các chiếu cũ trong ngành rồi nhaVà đừng quên,  slot nhập học luôn trong ngày sẽ có cơ hội nhận bộ quà tặng đến cả 50000000đ, lại còn có cơ hội là người may mắn “Học FPT Arena – Ra làm việc tại Schannel” đó … Xem thêm"
Top 10 trường THPT lấy điểm chuẩn lớp 10 thấp nhất năm học 2024  2025Đồ họa: Vnexpress
Đại học Khoa học tự nhiên Hà Nội công bố điểm sàn xét tuyển năm học 2024  2025
"ĐH Quốc gia Hà Nội công bố đề thi tham khảo kỳ thi Đánh giá năng lực 2025, các bạn 2k7 lưu lại nhéCấu trúc đề thi gồm 50 câu hỏi toán học và xử lý số liệu, 50 câu hỏi thuộc lĩnh vực văn học  ngôn ngữ Đây là hai phần thi bắt buộc của bài thi HSA Phần thi thứ ba cho phép thí sinh lựa chọn Khoa học hoặc tiếng Anh Thời gian làm bài cho thi thứ ba là 60 phút Thí sinh chọn 3 trong 5 chủ đề Vật lí, Hóa học, Sinh học, Lịch sử, Địa lý; mỗi chủ đề có 17 câu hỏi (gồm 1 câu thử ng… Xem thêm"
"Những trường đại học có học phí đắt nhất Việt NamTheo đó, mức học phí cao nhất hiện nay thuộc về ĐH Vinuni, với mức học phí được thông báo là 815850000 đồng/năm học, tương đương 35000 USDTuy nhiên, các sinh viên khi nhập học đều được Vingroup trợ cấp 35% học phí, tương đương với 285547500 đồng đối với chương trình đại học và 122377500 đồng/năm học đối với chương trình cử nhân Điều dưỡng… Xem thêm"
"Chúc mừng em Nguyễn Nguyên Phú đã xuất sắc  giành vòng nguyệt quế cuộc thi Quý 4 và mang cầu truyền hình trận chung kết năm Đường lên đỉnh Olympia năm thứ 24 về với Trường THPT Chuyên ĐH Sư phạm, Hà NộiNhư vậy, 4 thí sinh lọt vào trận chung kết năm Đường lên đỉnh Olympia năm thứ 24 gồm: Trần Trung Kiên (học sinh lớp 11A1 Trường THPT Lê Hồng Phong, Phú Yên) nhất Quý 1 với 235 điểm; Nguyễn Quốc Nhật Minh (Trường THPT Chuyên Hùng Vương, Gia Lai) nhất Quý 2 với 250 điểm; Võ Qu… Xem thêm"
"Thắc mắc của một bạn HS về việc tại sao làm phần đúng sai, khi đúng chỉ được 01 mà lúc sai bị trừ hẳn 05 đ"
Top 15 trường có điểm trung bình thi tốt nghiệp THPT cao nhất Hà Nội theo từng môn thi năm 2024Ảnh: Vnexpress
Đề tiếng Anh thi THPT Quốc Gia chiều nay
Điểm chuẩn vào lớp 10 năm học 2024  2025 của trường THPT Chuyên Đại học Sư phạm
Còn 08 ngày nữa tới Kỳ thi THPT Quốc gia 2024
"Hà Nội: Báo động tình trạng Học sinh Hà Nội  đi xe máy tới trườngMặc dù chưa đủ tuổi để điều khiển xe máy, nhưng nhiều học sinh thậm chí còn điều khiển xe máy trong khi không đội mũ bảo hiểm gây tiềm ẩn mất an toàn giao thôngẢnh: Báo Người đưa tin"
Đề kiểm tra giữa học kì 1 môn Toán 9 năm học 2024 – 2025 của trường THCS Chu Văn An Các em tham khảo nhé
"Trường đại học Dược Hà Nội đã chính thức công bố điểm chuẩn 2022 xét theo điểm thi THPT dao động từ 22,95 đến 26 điểmTheo đó, năm nay, điểm trúng tuyển Đại học Dược Hà Nội cao nhất là ngành Dược học 26, thấp nhất ngành Hóa học với 22,95 điểmTiếp theo là Hoá dược với 25,8 điểm và ngành Công nghệ sinh học 23,45 điểm Ngành Hoá học lấy mức thấp nhất 22,95 điểm Hóa học và Công nghệ Sinh học là hai ngành mới tuyển sinh của trường năm nay"
"Lịch dự kiến thi đánh giá năng lực của ĐH Quốc gia Hà Nội 2025Kỳ thi đánh giá năng lực của Đại học Quốc gia Hà Nội năm 2025 gồm 6 đợt, bắt đầu từ tháng 3, dự kiến có khoảng 85000 lượt thi"
"Hà Nội hạ điểm chuẩn lớp 10 công lập3/4 trường có lớp chuyên ở Hà Nội thông báo hạ điểm chuẩn vào lớp 10, chiều tối 12/7Đây là tổng điểm bốn môn, trong đó môn chuyên nhân hệ số hai, Toán, Văn và Ngoại ngữ hệ số một, tổng 50Theo Vnexpress"
Lễ khai giảng sắp tới kiểu
"Hà Nội bổ sung hơn 1500 chỉ tiêu tuyển sinh lớp 10 năm học 20242025Giám đốc Sở Giáo dục và Đào tạo Hà Nội Trần Thế Cương vừa ký Quyết định số 1721/QĐSGDĐT, giao bổ sung chỉ tiêu kế hoạch tuyển sinh lớp 10 năm học 20242025 cho 10 cơ sở giáo dục với 25 lớp và 1125 học sinh; 3 trung tâm giáo dục nghề nghiệp  giáo dục thường xuyên với 9 lớp và 380 học viênTrong đó, Trường Trung học phổ thông Lý Thái Tổ tăng 5 lớp với 225 học sinh; các trường trung học phổ thông MAY (tên … Xem thêm"
Đề thi chọn HSG cấp Quận môn Hóa 9 của quận Tây Hồ vừa thi Các em tham khảo nhé
"THỐNG KÊ DANH SÁCH 16 TRƯỜNG THPT CÓ HỌC SINH THAM GIA ĐỘI TUYỂN THI HSG QUỐC GIA CỦA TP HÀ NỘITổng cộng, 260 em được chọn, phần lớn đến từ trường THPT chuyên Hà Nội  Amsterdam (138), chuyên Nguyễn Huệ (50) Còn lại ở hai trường có lớp chuyên là Chu Văn An (44) và Sơn Tây (7)Năm nay, danh sách có 21 học sinh ở 12 trường không chuyên và tư thục, đông nhất trong nhiều năm qua[Dữ liệu từ Vnexpress]"
Dù không giành được vòng nguyệt quế nhưng Nguyên Phú đã thể hiện rất xuất sắc rồi Chúc mừng em Chuyên Sư Phạm vẫn mãi đỉnh
"Cuối tuần qua, 4 sinh viên Cao đẳng FPT Polytechnic Cần Thơ đã giành giải Quán quân bảng Cao đẳng  THPT  Phổ thông Cao đẳng trong Chung kết cuộc thi FPT Edu Hackathon 2024 diễn ra tại Trường ĐH FPT AI Quy Nhơn Xuyên suốt 27 tiếng “chìm sâu” trong code, các sinh viên đã thống nhất giải pháp, nhanh chóng hoàn thiện toàn bộ phần code cho sản phẩm của mình Nhóm gây ấn tượng mạnh với BGK khi áp dụng công nghệ Generative AI (GAI)  Trí tuệ nhân tạo tạo sinh để giải quyết nhan… Xem thêm"
Học sinh Hà Nội rộn ràng đón Lễ Khai giảng sau 2 năm gián đoạn vì dịch Covid19Ảnh: Báo VOV/ Vietnam+/TTXVN
Sở GDĐT Hà Nội công bố đáp án chính thức môn Toán thi vào lớp 10 năm 2024
Những  Bó hoa  rất dễ thương mà các bạn học sinh Hà Nội tặng cô nhân ngày 20/11Cre: Nhuy Chipi | Hương Giang | Khánhh Huyềnn
"Với 3 điểm 10 tuyệt đối, Nguyễn Ngọc Lễ, lớp 12A6, Trường THPT Quốc Oai Hà Nội không chỉ là thủ khoa xét theo tổ hợp A00 mà còn thủ khoa toàn quốcTheo kết quả thi tốt nghiệp THPT 2022 mà Bộ Giáo dục và Đào tạo công bố, nam sinh Nguyễn Ngọc Lễ của Trường THPT Quốc Oai (Hà Nội) là thủ khoa duy nhất của cả nước xét theo tổ hợp A00 (Toán, Lý, Hóa) đạt được tổng điểm 30Bên cạnh điểm tuyệt đối 3 môn nói trên, điểm các môn thi khác của nam sinh này cũng khá tốt… Xem thêm"
"Tối 18/8, trường Đại học Y Hà Nội công bố điểm chuẩn tuyển sinh đợt 1 năm 2024 với 2 phương thức là xét kết quả thi tốt nghiệp THPT và xét tuyển kết hợp chứng chỉ ngoại ngữ quốc tếĐiểm chuẩn trường Đại học Y Hà Nội năm 2024 cao nhất là ngành Tâm lý học (khối C00) với 28,83 điểm"
Điểm chuẩn Trường ĐH Khoa học Xã hội và Nhân văn lên đến trên 29 điểm
Trường ĐH Sư phạm Hà Nôi công bố điểm chuẩn trúng tuyển hệ đại học chính quy năm 2022 theo phương thức sử dụng điểm thi tốt nghiệp THPT
"Lâm Quốc Dũng (ĐH Bách khoa Hà Nội) 2 lần đoạt ngôi Nam vương vừa có thành tích học tập đáng nể, vừa chơi thể thao giỏiVới chiều cao 1,81m, phong thái đĩnh đạc, tự tin và khả năng ứng xử xuất sắc, Lâm Quốc Dũng, sinh viên năm nhất, ngành Kỹ thuật Vi điện tử và Công nghệ Nano, Đại học Bách khoa Hà Nội vừa đoạt ngôi Nam vương cuộc thi  Sinh viên thanh lịch  năm 2024Dũng đỗ vào ĐH Bách khoa Hà Nội theo diện xét tuyển tài năng: Học sinh giỏi cấp tỉnh, giải nhì cuộc thi khoa… Xem thêm"
Còn 02 ngày tới Kỳ thi tốt nghiệp THPT Quốc gia 2024
Điểm sàn khối trường quân đội năm 2024: cao nhất là 24 điểm
"Đại học Khoa học Tự nhiên Hà Nội dự báo điểm chuẩn thấp nhất 20Các ngành Địa chất học, Hải dương học, Tài nguyên và môi trường nước, Khí tượng và khí hậu dự kiến thuộc nhóm có đầu vào thấp nhất, quanh mức 2020,5 Đây là tổng điểm ba môn thi tốt nghiệp THPT theo tổ hợp, cộng điểm ưu tiên, tính trên thang 30Kỹ thuật điện tử và tin học dự kiến lấy điểm chuẩn cao nhất, ở mức 2526,5 Kế đến là Hóa dược, khoảng 2425,5… Xem thêm"
"Hơn 22000 thí sinh Hà Nội bỏ đăng ký xét tuyển đại học, nhiều nhất cả nước"
SĂN HỌC BỔNG 100% VÀ HỌC BỔNG KÉP TẠI NGÀY HỘI GIÁO DỤC NEW ZEALAND LỚN NHẤT NĂM  Ngày hội Giáo dục New Zealand 2024 là sự kiện duy nhất và lớn nhất năm do chính phủ New Zealand tổ chức dành riêng cho phụ huynh và HSSV Việt NamTất tần tật về Ngày hội & đăng ký tham gia MIỄN PHÍ ngay tại: https://bitly/NZFair2409 Qu… Xem thêm
Học viện Tài chính vừa công bố điểm chuẩn trúng tuyển hệ đại học chính quy năm 2022
"Điểm chuẩn ĐH Sư phạm Hà Nội 2 kỷ lục, 28,83 điểm mới đỗ ngành Lịch sử, Ngữ văn"
Điểm chuẩn Trường ĐH Hà Nội năm 2022
Vấn đề đau đầu tiếp theo của 2k9 sau khi đỗ lớp 10
"Đề khảo sát chất lượng môn Toán 9 theo chương trình mới của THCS Dịch Vọng, Cầu GiấyCác em 2k10 nhận xét đề này như nào?"
"Em Thái Hồng Quỳnh Chi, học sinh lớp 9C3, Trường THCS Archimedes trở thành á khoa kỳ thi vào lớp 10 ở Hà Nội với tổng điểm 48,25 điểm, trong đó Chi đạt điểm 10 Toán, 9,75 tiếng Anh và 9,25 Ngữ văn Ngoài ra, với 9,2 điểm môn chuyên, nữ sinh cũng trở thành thủ khoa lớp chuyên Hóa của Trường THPT Chuyên Hà Nội – AmsterdamTrước đó, Chi đã “chắc suất” vào 3 ngôi trường chuyên khác ở Hà Nội gồm chuyên Hóa có học bổng của Trường THPT Chuyên ĐH Sư phạm Hà Nội, được tuyển thẳng vào… Xem thêm"
"Đại học Sư phạm Hà Nội công bố điểm sàn xét tuyển theo kết quả thi tốt nghiệp THPT là từ 16 đến 21,5Với các ngành sư phạm, thí sinh có nguyện vọng xét tuyển vào trường phải đạt tối thiểu 1821,5 điểm thi tốt nghiệp THPT Trong đó, ngành Sư phạm Hoá học dạy bằng tiếng Anh có mức sàn cao nhất  21,5 So với mức 19 điểm do Bộ quy định, mức này cao hơn 2,5 điểm Chỉ ba ngành yêu cầu điểm sàn 18 gồm Giáo dục thể chất, Sư phạm Âm nhạc và Sư phạm Mỹ thuậtVới các ngành đào tạo … Xem thêm"
"CHINH PHỤC ĐAM MÊ NÊN BẮT ĐẦU TỪ ĐÂU? Một đầu bếp có thể thích vẽ nhưng ông vẫn chọn công việc trở thành đầu bếp Một doanh nhân có sở thích viết nhưng vẫn chọn công việc kinh doanh Không phải mọi sở thích đều có thể trở thành đam mê, và không phải mọi đam mê đều có thể trở thành sự nghiệp Câu chuyện đi tìm giao điểm giữa sở thích – đam mê  năng lực là một hành trình dài và đòi hỏi nhiều thử nghiệm với học sinh, thậm chí với một số bạn 2k4 đã hoàn thành xong kỳ thi tốt n… Xem thêm"
"Điểm chuẩn vào lớp 10 năm học 2022  2023Chờ danh sách lớp trong nhóm Học sinh Hà Nội để làm quen bạn mới, lớp mới nhé các em"
Top 10 trường THPT có điểm chuẩn lớp 10 cao nhất Hà Nội năm học 2024  2025Đồ họa: Vnexpress
"Những chiếc tủ, hòmvới thiết kế đặc biệt, nhiều ngăn nhỏ để cất giữ điện thoại của các em học sinh trường THPT Chu Văn An trong các tiết họcCác em cho biết, từ khi áp dụng quy định này, thấy nhiều bạn tập trung trong giờ học hơn Đến buổi ra chơi cũng ít khi dùng tới điện thoại, các em thường dành thời gian chơi đùa với bạn bè thay vì lướt mạng xã hội như trước đâyTheo Vietnamnet"
Trường Đại học Công nghệ  Đại học Quốc gia Hà Nội đã thông báo kết quả xét tuyển hệ đại học chính quy năm 2024 dựa trên kết quả thi THPT năm 2024
Đại học Kinh tế quốc dân Thông báo điểm chuẩn trúng tuyển vào đại học chính quy theo phương thức xét tuyển dựa vào điểm thi TN THPT năm 2024
"Đại học Kinh tế quốc dân Hà Nội Thông báo điểm chuẩn đủ điều kiện điểm trúng tuyển đại học chính quy năm 2024 phương thức Xét tuyển kết hợp  Nhóm 1, 2 (xét tuyển sớm)"
Sở GD & ĐT Hà Nội công bố ĐIỂM CHUẨN VÀO LỚP 10 năm học 2024  2025
Trường Đại học Mở Hà Nội công bố điểm chuẩn năm 2024
"Trường Đại học Mỏ  Địa chất thông báo điểm chuẩn từ 15 đến 24,5 Sáu ngành lấy từ 24 điểm trở lên gồm Kỹ thuật điều khiển và tự động hóa; Kỹ thuật cơ khí; Kỹ thuật ôtô; Kỹ thuật cơ điện tử; Kỹ thuật cơ khí động lực; Quản lý phát triển đô thị và bất động sảnTrong đó, Kỹ thuật điều khiển và tự động hóa cao nhất, trung bình hơn 8 điểm một môn Ngành lấy điểm chuẩn cao thứ hai là Quản lý phát triển đô thị và bất động sản với 24,1Vnexpress"
"Điểm chuẩn Đại học Xây dựng Hà Nội (HUCE) năm 2024 từ 17 đến 24,8, ngành Logistics và Quản lý chuỗi cung ứng cao nhất"
"Thủ khoa chuyên Anh Trường THPT Chuyên Ngoại ngữ năm nay là Bùi Hoàng Lâm Nhi  cựu học sinh lớp 9A1 Trường THCS Ngoại ngữTrong kỳ thi lớp 10 chuyên ngữ vừa qua, nữ sinh đạt 8,35 điểm ở môn chuyên, 8 điểm môn toán và khoa học tự nhiên, 7,75 điểm môn văn và khoa học xã hội Tổng số điểm của Lâm Nhi là 32,45, cao nhất trong số 1491 thí sinh dự thiTheo Dân trí"
"Ngày 4/10, Chi cục Dân số  Kế hoạch hóa gia đình Hà Nội phối hợp với UBND huyện Thanh Trì tổ chức Hội nghị “Gặp mặt biểu dương trẻ em gái chăm ngoan, học giỏi trong các gia đình tiêu biểu thực hiện tốt chính sách dân số nhân Ngày Quốc tế Trẻ em gái 11/10/2022”Hội nghị “Gặp mặt biểu dương trẻ em gái chăm ngoan, học giỏi” là một trong những hoạt động giúp nâng cao nhận thức của người dân về mất cân bằng giới tính khi sinh, không lựa chọn giới tính thai nhi Hội nghị đã bi… Xem thêm"
"Hà Nội nêu rõ 7 khoản ban đại diện cha mẹ học sinh không được thu: Bảo vệ cơ sở vật chất của nhà trường, bảo đảm an ninh nhà trường; trông coi phương tiện tham gia giao thông của học sinh Vệ sinh lớp học, vệ sinh trường Khen thưởng cán bộ quản lý, giáo viên, nhân viên nhà trường Mua sắm máy móc, trang thiết bị, đồ dùng dạy học cho trường, lớp học hoặc cho  Cán bộ quản lý, giáo viên và nhân viên nhà trường… Xem thêm"
