"Barcelona lại gieo sầu cho Real Madrid, lần này là ở trận El Clasico nữ Và tỉ số thì cũng y hệt, chắc chỉ là trùng hợp thôi"
Ồ Brighton!!!!
"Cuối tuần này, Ngoại Hạng Anh trở lại!"
"Giải Marathon Quốc tế Di sản Hạ Long năm 2024 vinh dự là sự kiện khép lại Đại hội Thế giới lần thứ 24 của Hiệp hội Marathon và Chạy đường dài Quốc tế lần đầu tiên được tổ chức tại Việt Nam Đây là cơ hội lớn để quảng bá du lịch địa phương và nâng cao vị thế của Hạ Long Quảng Ninh trên bản đồ marathon quốc tế, khẳng định hình ảnh của Việt Nam như một điểm đến du lịch và thể thao quốc tế hấp dẫn"
Kết quả loạt trận UEFA Nations League rạng sáng nay: ĐT Đức tạo cơn mưa bàn thắng vào lưới Bosnia & Herzegovina ĐT Hà Lan có chiến thắng cách biệt trước Hungary ĐT Thụy Điển giành chiến thắng kịch tính trước Slovakia
"FT: Liverpool 20 Man CityTrong ngày Salah tỏa sáng với một bàn thắng cùng một kiến tạo, Liverpool đã giành chiến thắng thuyết phục trước Man City, qua đó tiếp tục khiến thầy trò huấn luyện viên Pep Guardiola chìm sâu trong cơn khủng hoảng"
"VTV Cup là dịp đặc biệt để các vận động viên thể hiện năng khiếu bản thân ngoài bóng chuyền và tham quan, giao lưu với người dân địa phương Sau đó, tại cuộc thi Miss Volleyball, họ được xem lại chính mình từ biểu diễn thời trang rồi thể hiện năng khiếu, sinh hoạt đời thường trong những ngày tham dự giảiVTV Cup là ngày hội, là nơi đặc biệt để các nữ vận động viên bóng chuyền trong và ngoài nước có dịp sống trong không khí vui tươi, vừa giàu tính chuyên môn nhưng cũng là dịp để thể hiện bản thân với những tài lẻ và hiểu thêm về văn hoá, con người địa phương #VTVTheThao #bongchuyen #vtvferrolicup2024 #VTVFerroliCup2024 #vtvcup2024"
Thi đấu trong thế thiếu người nhưng thầy trò huấn luyện viên Popov vẫn xuất sắc bảo toàn được lợi thế của mìnhĐông Á Thanh Hóa vẫn dẫn đầu trên bảng xếp hạng sau vòng 8 với 17 điểm
"Nam Định giành chiến thắng kịch tính trên sân Hải PhòngMặc dù phải làm khách trên sân của Hải Phòng, nhưng Nam Định đã chơi rất tự tin và dẫn trước đội chủ nhà 20 ngay trong hiệp 1 Những nỗ lực của Hải Phòng chỉ đem về 1 bàn gỡ do công của Lucao Chung cuộc, Nam Định giành chiến thắng 21 để qua đó vươn lên vị trí thứ 3 trên bảng xếp hạng, cùng được 10 điểm như 2 đội đứng đầu Thanh Hoá và Thể Công Viettel nhưng thi đấu nhiều hơn 1 trận"
Chợp mắt cái mà từ thắng 10 thành thua 12 luôn Chuyện gì xảy ra với Man City vậy nhỉ?
"Trong cái rủi có cái may, đó là trường hợp của câu lạc bộ Đông Á Thanh Hoá Khi đội bóng này thiếu vắng trụ cột A Mít vì chấn thương, huấn luyện viên Popov sử dụng phương án dự phòng, nhưng chính cầu thủ trẻ có cái tên dịu dàng là Ngọc Mỹ lại toả sáng để giúp Đông Á Thanh Hoá lên đầu bảng"
"Giải Marathon Quốc tế VTV LPBank mùa đầu tiên với tên gọi Sắc màu Hoàng hôn Cát Bà 2024 diễn ra tại quần đảo Cát Bà và được truyền hình trực tiếp trên VTV2 từ 15h30 đến 18h30 ngày 19/10/2024 Đây là một sự kiện thể thao quy mô lớn, giải đã thu hút hàng ngàn vận động viên chuyên nghiệp và nghiệp dư đến từ khắp nơi trên thế giới tham dự"
"Vinícius Júnior ghi hattrick cho Madrid và Jude Bellingham ghi bàn thắng đầu tiên trong mùa giải, nhưng chiến thắng 40 của Real Madrid trước Osasuna vừa qua đã bị phủ bóng đen bởi thêm chấn thương của 3 cầu thủ #VTVTheThao"
"ĐT Argentina đã kết thúc năm 2024 với chiến thắng trước 10 Peru tại vòng loại World Cup 2026 khu vực Nam MỹBàn thắng duy nhất của trận đấu được ghi do công của Lautaro Martinez sau đường kiến tạo của Lionel Messi Đây là kiến tạo thứ 58 của M10 ở cấp độ đội tuyển quốc gia, san bằng kỷ lục của Landon Donovan Và cũng là kiến tạo thứ 379 trong sự nghiệp của El Pulga"
"6 vòng đấu trôi qua câu lạc bộ Hải Phòng đang là 1 trong số 3 đội bóng chưa biết đến thắng lợi ở mùa giải năm nay Lực lượng mỏng thiếu chiều sâu, chấn thương rồi sự không may mắn là nguyên nhân chính khiến thầy trò huấn luyện viên Chu Đình Nghiêm rơi vào tình cảnh hiện tại"
Quả bóng vàng 2024! Chọn ai? Nhưng mà ai chọn?
"Trận đấu muộn nhất vòng 5 VLeague 2024 vào ngày thứ 2 (28/10) tại “chảo lửa” Thiên Trường giữa 2 nhà vô địch gần nhất của VLeaue 1: ĐKVĐ Thép Xanh Nam Định (7đ) và Công An Hà Nội (5đ) Đội bóng thành Nam mùa này “nóng máy” khá chậm khi để thua ngay ở trận đầu tiên, nhưng tình hình có vẻ đã được sớm giải quyết sau chiến thắng 41 trước Sông Lam Nghệ An ở trận đấu muộn của vòng 4 vừa qua Giới chuyên môn đánh giá với thực lực hiện tại, chi cần các cầu thủ trên hàng công “tì… Xem thêm"
"Vào tối nay, vòng 6 VLeague sẽ diễn ra các trận đấu còn lại Trong đó đáng chú ý là màn so tài giữa câu lạc bộ Công An Hà Nội và SHB Đà Nẵng Mới trở lại sân chơi Vleague ở mùa giải năm nay, SHB Đà Nẵng đang chật vật ở những vòng đấu đầu tiên"
Man Utd và Chelsea đêm qua đá tưng bừng vậy #EuropaLeague #ConferenceLeague
FT: ĐT Futsal Indonesia 51 ĐT Futsal Thái LanĐT Futsal Việt Nam sẽ đối đầu với ĐT Indonesia trong trận chung kết futsal Đông Nam Á 2024
"Bảng xếp hạng giải bóng chuyền nam VĐQG 2024 cúp Hoá chất Đức Giang tính đến hết ngày 22/11, cuộc đua giữa các đội bóng từ hạng 4 đến 8 vẫn rất kịch tính"
"Trang chủ Man Utd chính thức công bố tân huấn luyện viên trưởng Ruben Amorim, người sẽ chính thức đảm nhận công việc tại Old Trafford vào ngày 11/11 cùng bản hợp đồng đến tháng 6/2027"
ĐT futsal nữ Việt Nam đã giành chiến thắng 21 trước Thái Lan và giành chức Vô địch giải futsal nữ Đông Nam Á 2024Chúc mừng ĐT futsal nữ Việt Nam
"Nguyễn Văn Vỹ đến với Thép Xanh Nam Định từ mùa giải 2023 nhưng phải đến giai đoạn này những kỳ vọng về một cầu thủ chạy cánh có tốc độ , khéo léo đủ sức xé toang các hàng phòng ngự mới dần trở thành hiện thực Trong 4 trận đấu gần đây nhất Anh đã có cho mình 2 tiến tạo và 1 bàn thắng rất đẹp mắt"
Ngày thi đấu thăng hoa giúp câu lạc bộ Công An Hà Nội gieo sầu cho nhà Đương kim vô địch ngay tại sân Thiên Trường
"Top 3 vẫn là Man City, Liverpool và Arsenal Đội bóng ae yêu thích đang ở đâu?"
CHÍNH THỨC: RODRI GIÀNH QUẢ BÓNG VÀNG 2024 #Rodri #Ballondor
"Hoàng Anh Gia Lai và Công An Hà Nội là 2 đội bóng nằm ở nhóm dẫn đầu sẽ mang lại rất nhiều sự chờ đợi cho màn so tài vào chiều nay trên sân Pleiku Với Công An Hà Nội, đội bóng này đang có phong độ rất cao với sự toả sáng của hai ngoại binh trên hàng công Còn với Hoàng Anh Gia Lai, nếu có được 3 điểm thì đội bóng phố núi sẽ vươn lên dẫn đầu bảng xếp hạng VLeague"
"Dù Manchester City đã phải nhận 4 thất bại liên tiếp gần đây, và họ hy vọng quãng nghỉ từ dịp FIFA Days trong tháng 11 sẽ giúp các cầu thủ lấy lại động lực để vượt khó Họ còn có thêm 1 tín hiệu tích cực khác, khi huấn luyện viên Pep Guardiola đồng ý tiếp tục gắn bó với đội bóng #VTVTheThao"
"Bán kết Giải Futsal Vô Địch Đông Nam Á 2024VIỆT NAM v AUSTRALIA | 15:00 ngày 08/11Theo lịch ban đầu Nhất bảng A vs Nhì bảng B sẽ đá lúc 18:00, nhưng đội chủ nhà Thái Lan chỉ đứng nhì bảng do thua Việt Nam 23 ở lượt trận cuối nên lịch đấu được thay đổiCùng cổ vũ các chàng trai Việt Nam nhé mọi người Thà… Xem thêm"
"Sau khi kết thúc trận đấu tập thứ 3 tại Hàn Quốc, toàn đội tuyển Việt Nam sẽ về nước để tiếp tục tập luyện chuẩn bị cho ASEAN CUP 2024 Và huấn luyện viên Kim Sang Sik đã có chia sẻ về những điều thu lại được trong chuyến tập huấn Hàn Quốc này"
Sân cỏ cả nước sẽ tiếp tục được sôi động với những cuộc đối đầu tại vòng 9 LPBank VLeague 1 2024/25Đội bóng xứ Thanh liệu có giữ vững ngôi đầu trước khi giải đấu bước vào quãng nghỉ?
Đội hình xuất phát màn đọ sức giữa trên sân Pleiku giữa câu lạc bộ Hoàng Anh Gia Lai và câu lạc bộ Công An Hà Nội
Cú đúp của Văn Đạt cùng pha lập công của Joseph Mpande giúp đội bóng thành Nam có thắng lợi tưng bừng trên sân Thống NhấtThắng lợi này đưa Thép Xanh Nam Định vươn lên vị trí thứ 2 trên bảng xếp hạng với 13 điểm và kém đội đầu bảng Đông Á Thanh Hóa 1 điểm!
"Trọng tài chính bảo không pen, CĐV MU thở phào nhưng VAR bảo từ từ đã nào"
"Lúc 18h00 hôm nay (10/11), đội tuyển futsal Việt Nam sẽ gặp Indonesia trong trận chung kết Giải futsal Đông Nam Á 2024 diễn ra tại Thái LanNếu chiến thắng, đội tuyển futsal Việt Nam sẽ có lần đầu tiên đăng quang tại Giải futsal Đông Nam Á sau hai lần về nhì năm 2009 và 2012Ảnh | VFF"
Tiểu tiên cá Ánh Viên với diện mạo mới trong ngày sinh nhật tuổi 28 Xinh đẹp xuất sắc! Chúc mừng sinh nhật Ánh Viên! Ảnh: FBNV
"Man Utd quyết đấu Chelsea: Niềm tin trở lại!Man Utd đã có màn trình diễn ấn tượng dưới thời huấn luyện viên tạm quyền Van Nistelrooy, và họ đang rất mong muốn kéo dài chuỗi trận này"
"Thi đấu bùng nổ trong hiệp 2, câu lạc bộ Công An Hà Nội đã giành chiến thắng đậm trước SHB Đà Nẵng, qua đó, vươn lên dẫn đầu bảng xếp hạng VLeague sau vòng 6 với 11 điểm, bằng điểm với Đông Á Thanh Hóa và câu lạc bộ Thể Công Viettel nhưng hơn về chỉ số phụ"
"UEFA Nations League | Tung ra sân đội hình 2, cả ĐT Đức và ĐT Hà Lan đều chỉ có được kết quả hòa trước những đối thủ bị đánh giá thấp hơn"
"Trong giai đoạn chuẩn bị cho lượt trận tại UEFA Nations League, đội tuyển Anh đã không có được lực lượng tốt nhất cho đợt tập trung này với sự vắng mặt của hàng loạt những cái tên trong đội hình Và chính tiền đạo đội trưởng của ĐT Anh là Harry Kane cũng đã phải lên tiếng về sự vắng mặt của rất nhiều đồng đội"
Đông Á Thanh Hoá củng cố vị trí số 1 trên bảng xếp hạng khi bước vào quãng tạm nghỉĐội bóng xứ Thanh cùng ĐKVĐ Thép Xanh Nam Định đang dần tách tốp… Liệu sẽ là cuộc đua song mã cho chức vô địch VLeague mùa này?
"Indonesia công bố danh sách cầu thủ thi đấu tại AFF CupTheo đó, Indonesia tập trung 33 cầu thủ chuẩn bị cho ASEAN Cup 2024 với chủ yếu là các cầu thủ dưới 22 tuổi trong đó có Arkhan Kaka sinh năm 2007còn lại hầu hết các cầu thủ sinh năm 2004 và 2003Trong bản danh sách này, chỉ có 2 cầu thủ quá 21 tuổi là Pratama Arhan và Asnawi Mangkualam đội trưởng của ĐT Indonesia ở thời điểm hiện tại … Xem thêm"
MU xác định 3 mục tiêu chuyển nhượng để giải quyết vấn đề về những vị trí còn yếu và thiếu cho tân huấn luyện viên Ruben Amorim #VTVTheThao
"Kể từ vòng 8 VLeague 2024 2025, câu lạc bộ SLNA có sự thay đổi về vị trí huấn luyện viên trưởng Theo đó, cựu cầu thủ Phan Như Thuật sẽ đảm nhiệm vị trí huấn luyện viên trưởng thay cho ông Phạm Anh Tuấn 2 trợ lý cho Phan Như Thuật là Công Vinh và Văn Quyến"
Buổi tập bổ trợ của ĐT Việt Nam tại phòng gym trung tâm thể dục thể thao Gyeong Ju sáng ngày 25/11Ảnh: VFF
Đội hình xuất phát màn so tài trên sân Thống Nhất giữa câu lạc bộ thành phố Hồ Chí Minh và câu lạc bộ Thép Xanh Nam Định
"Đội tuyển Việt Nam ổn định nơi lưu trú tại Gyeongju, sẵn sàng bước vào tập luyện"
"Tại London, Tottenham đang bị tân binh Ipswich Town dẫn 20 ngay trên sân nhà"
câu lạc bộ Quảng Nam và câu lạc bộ Sông Lam Nghệ An đã bất phân thắng bại trên sân Hoà Xuân
Màn trình diễn thăng hoa trên sân Thiên Trường giúp câu lạc bộ Thép Xanh Nam Định có thắng lợi tưng bừng 5 sao trước đội bóng sông Hàn
Kết quả và bảng xếp hạng vòng 11 Ngoại hạng Anh Liverpool đang băng băng tiến về phía trước trong khi Man City như hụt hơi còn Arsenal và Chelsea bám đuổi
"Đội tuyển Việt Nam đã gây chấn động Nhà thi đấu Terminal 21 Korat khi xuất sắc lội ngược dòng đánh bại chủ nhà Thái Lan tại lượt đấu cuối vòng bảng, giải vô địch futsal Đông Nam Á 2024Với kết quả này, đội tuyển Việt Nam đoạt ngôi nhất bảng A và sẽ gặp Australia tại bán kếtChúc mừng thầy trò huấn luyện viên Diego Raul Giustozzi!!!"
"Hiếm có tình yêu của CĐV câu lạc bộ nào có thể so sánh với CĐV Hồng Lĩnh Hà Tĩnh Dù đội bóng có thi đấu ở đâu, họ cũng bỏ công bỏ việc đi để cổ vũ Ở trận đấu làm khách của câu lạc bộ Hà Nội tại Hàng Đẫy cuối tuần qua cũng vậy"
"Brazil bị Venezuela cầm hòa 11 tại vòng loại World Cup 2026 trong ngày Vinicius sút hỏng Penalty Trong khi đó, Argentina dù thi đấu vượt trội và có bàn thắng dẫn trước nhưng vẫn bị lội ngược dòng trên sân của ParaguayMặc dù vậy, Argentina vẫn đang dẫn đầu bảng với 22 điểm, còn Brazil xếp thứ 3 với 17 điểm, kém 2 điểm so với Colombia"
Có ai đuổi được Liverpool lúc này ?!
Trận cầu nào được chờ đợi nhất vòng 10 Ngoại Hạng Anh cuối tuần này?
Đội hình xuất phát trận đấu giữa câu lạc bộ Hà Nội và câu lạc bộ Becamex Bình Dương trên sân vận động Hàng Đẫy#VTVTheThao #VLeague
"SEA Games là đấu trường lớn nhất của TTVN Đây cũng là sự kiện mà tất cả các nước Đông Nam Á đều rất coi trọng, Bởi vậy, việc nước chủ nhà SEA Games 33 năm 2025 Thái Lan mới đây công bố các môn và các nội dung thi đấu cũng là 1 điểm đáng chú ý"
"Trong buổi phỏng vấn sau trận, người ta thấy huấn luyện viên Pep Guardiola mặt mày trầy xước, với cái trán đỏ ửng Dường như ông đã liên tiếp làm đau bằng cách vỗ và cào mạnh vào mặt khi đứng trên đường pitch xem trận đấuMan City đã dẫn trước 30 nhưng chỉ trong 15 phút cuối trận, họ bị Feyenoord cầm hòa 33 ở vòng phân hạng UEFA Champions League"
LĐBĐ Việt Nam công bố danh sách đội tuyển Việt Nam chuẩn bị cho AFF Cup 2024ẢNH: VFF
Đội tuyển futsal Việt Nam tiếp tục duy trì lợi thế trong cuộc đua vào bán kết khi giành chiến thắng với tỷ số đậm 140 trước BruneiChúc mừng thầy trò huấn luyện viên Diego Raul Giustozzi!
ĐT Indonesia thắng sốc ĐT Arab Saudi ở vòng loại thứ 3 World Cup 2026 và tạm vươn lên vị trí thứ 3 bảng C với 6 điểm sau 6 lượt trận
"Thống kê về Jude Bellingham trong trận đấu với Liverpool rạng sáng nay!Về cơ bản, là rất nhiều số 0"
"Sau 9 vòng đấu, cuối cùng, câu lạc bộ Hải Phòng cũng đã tìm được chiến thắng đầu tiên trong mùa giải 2024/25"
"Hôm nay, vòng 9 V League sẽ tiếp tục diễn ra với các cặp đấu đáng chú ý Chúng ta hãy cùng điểm qua tình hình lực lượng của các đội bóng"
Hiệp 1: Man Utd 00 ChelseaBóng trúng xà ngang và cột dọc của 2 đội nhưng vẫn chưa có bàn thắng nào được ghi trong hiệp đấu đầu tiên
Trận đấu thứ 2 trong buổi chiều ngày hôm nay kết thúc với tỉ số hòa
"23:30 tối nay, Manchester United vs ChelseaBạn thích màu xanh hay màu đỏ?"
Hơn 18000 vận động viên (VĐV) bao gồm gần 1300 VĐV quốc tế đến từ 55 quốc gia tham gia Giải Standard Chartered Marathon Di sản Hà Nội 2024 ngày 3/11/2024
Lượt đấu của các đội chủ nhà !!!
Arsenal và Chelsea có thành tích giống nhau sau 13 trận đấuĐiều đó có nghĩa là Arsenal chỉ nằm trên Chelsea theo thứ tự bảng chữ cái!
"Trận chung kết giải bóng chuyền nam VĐQG 2024 đã khép lại với chức vô địch thuộc về câu lạc bộ Biên Phòng Sau 13 năm chờ đợi, đội bóng này mới lại vô địch quốc gia và điều này mang đến rất nhiều cảm xúc"
"Tại giải bắn cung VĐQG năm nay, đơn vị Hà Nội giành ngôi nhất toàn đoàn với 16 HCV, đóng góp 1 phần vào thành công này chính là VĐV kì cựu Lộc Thị Đào Ít ai biết rằng, để thành công như vậy, phía sau Đào là cả 1 hậu phương vô cùng vững chắc"
"Giành lại 1 điểm ở những phút cuối trên sân Pleiku giúp đội bóng xứ Thanh tiếp tục giữ vững ngôi đầu, dù có cùng 10 điểm như Thể CôngViettel"
"Khoảng thời gian cuối năm 2024 chứng kiến Iga Swiatek liên tiếp bị loại khỏi những giải đấu lớn và đánh mất vị trí số 1 thế giới Mới đây, cô còn bị cấm thi đấu do có kết quả xét nghiệm dương trình với doping #VTVTheThao"
"Tối qua câu lạc bộ Hà Nội và câu lạc bộ Hải Phòng đã chia điểm trong 1 trận cầu có tới 4 bàn thắng được ghi Một trận đấu hay của 2 đội Với câu lạc bộ Hải Phòng cái tên sáng nhất là Lucao tác giả của cả 2 bàn thắng đội khách Còn với câu lạc bộ Hà Nội, đội bóng này chỉ thực sự chơi hay khi có sự xuất hiện của những tên tuổi kỳ cựu"
"Đội tuyển Việt Nam chốt lịch 3 trận đấu tập trong thời gian “luyện quân” tại Hàn QuốcHôm nay (21/11), đội tuyển Việt Nam hội quân chính thức bước vào đợt tập trung quan trọng để chuẩn bị cho giải vô địch Đông Nam Á – ASEAN Mitsubishi Electric Cup 2024 Thầy trò huấn luyện viên Kim Sang Sik sẽ có đợt tập huấn 10 ngày tại Hàn Quốc với 3 trận đá tập nhằm kiểm tra, đánh giá lực lượng và hoàn thiện lối chơiDo vừa trải qua thi đấu tại vòng 9 LPBank VLeague 1 – 2024/25, nên trong ngày đầu… Xem thêm"
Đội hình xuất phát của Man Utd ở trận đấu ra mắt của huấn luyện viên Ruben Amorim
Buổi tập đỉnh cao hôm nay Marcus Rashford tỏ ra rất ấn tượng với buổi tập đầu tiên cùng người thầy mới Ruben Amorim
"Ở những kỳ SEA Games gần đây thì Đoàn Thể thao Việt Nam đều có được vị trí số 1 trên bảng tổng sắp huy chương Thành tích này có thể mang đến niềm vui lớn cho người hâm mộ, thế nhưng một mặt khác thì các kết quả không được mong muốn tại ASIAD hay Olympic sau đó đã chỉ ra không ít những vấn đề còn tồn tạiTrong kỷ nguyên bứt phá mới, những người làm thể thao Việt Nam hiểu rằng cần phải có những tính toán để nâng cao vị thế trên đấu trường châu lục cũng như thế giới"
"Messi thăng hoa, Inter Miami vẫn bị loại ở MLS CupMessi thăng hoa với 1 bàn thắng cùng cú sút tạo nên bàn thắng còn lại nhưng Inter Miami vẫn phải nhận trận thua 23 trước Atlanta United và bị loại ở MLS Cup 2024"
"Kết quả UEFA Champions League hôm nay 27/11: Arsenal thắng đậm, Man City hoà khó tin Barcelona thắng lớn Bayern Munich thắng tối thiểu PSG trong khi Bayer Leverkusen có chiến thắng 5 sao … Xem thêm"
Kết quả vòng 10 Ngoại hạng Anh diễn ra cuối tuần qua#VTVTheThao
"Tạc tượng vốn là 1 trong những cách tri ân của các đội bóng dành cho 1 ngôi sao đã cống hiến nhiều năm Tuy nhiên, không phải bức tượng nào cũng nhận được phản hồi tốt từ người hâm mộ và các chuyên gia"
Bàn thắng duy nhất của Alexander Isak giúp Newcastle giành trọn 3 điểm trước Pháo Thủ
Chúc mừng câu lạc bộ Thép Xanh Nam Định chính thức giành quyền vào vòng 16 đội AFC Champions League Two sớm 1 vòng đấu
"Hậu vệ Barcelona phải khâu đến 10 mũi trên mặtCầu thủ 17 tuổi của Barcelona Pau Cubarsi đã vô tình bị đá vào mặt bởi tiền đạo Uros Spajic khiến anh chảy máu khá nhiều khi rời sânBác sĩ đã cố cầm máu và đưa anh vào phòng thay đồ Tại đây, ông khâu 10 mũi cho CubarsiBức ảnh được Barca đăng tải sau đó cho thấy Cubarsi đã ổn định Anh mỉm cười với nhiều vết máu trên mặt Chủ Nhật tuần này, hậu vệ 17 tuổi nhiều khả năng vẫn đá chính trong trận gặp Sociedad ở vòng 13 La Liga"
"Neymar… lại chấn thươngTrong màn đối đầu giữa Al Hilal và Esteghlal tại AFC Champions League Elite rạng sáng 5/11 (giờ Hà Nội), Neymar được tung vào sân ở phút 58 và tới phút 87 thì buộc phải rời sân vì bị đau Lúc này vẫn chưa rõ về mức độ chấn thương của siêu sao người BrazilNeymar đã dính chấn thương ACL vào năm 2023 và mất tới một năm nghỉ ngơi điều trị, vào ngày 21/10 vừa qua đánh dấu lần đầu tiên anh trở lại thi đấu Tính đến hiện tại, Neymar mới chỉ thi đấu vỏn vẹ… Xem thêm"
Sporting Lisbon xác nhận Manchester United có ý định kích hoạt điều khoản giải phóng hợp đồng của huấn luyện viên Ruben Amorim với mức giá 10 triệu euro Thông cáo báo chí có biểu tượng của Sporting Lisbon cho biết: MU thể hiện mong muốn có được huấn luyện viên Ruben Amorim với ban lãnh đạo đội bóng#VTVTheThao
"Chiều tối nay, VLeague sẽ tiếp tục diễn ra 3 trận đấu thuộc vòng 6 Trừ SHB Đà Nẵng và câu lạc bộ Quảng Nam, cả 4 đội còn lại đều có cơ hội kết thúc vòng đấu này với vị trí dẫn đầu"
"Việc các nhà đương kim vô địch Thép Xanh Nam Định đã chính thức trở lại “đường đua” sau chiến thắng tưng bừng ở vòng 7 khiến tốp đầu bảng “nóng” hơn bao giờ hết Số ứng cử viên cho tốp 3 giờ đây đã chiếm khoảng nửa số đội dự giải, báo hiệu một cuộc đua cực kỳ gay cấn và quyết liệt…#VTVTheThao #VLeague"
Đội hình xuất phát màn đọ sức trên sân Lạch Tray giữa chủ nhà câu lạc bộ Hải Phòng và câu lạc bộ Thép Xanh Nam ĐịnhẢnh: VPF
"Sanest Khánh Hòa và Biên Phòng sẽ cùng nhau tái hiện lại trận chung kết mùa giải năm ngoái, nơi Khánh Hòa đã có chiến thắng thuyết phục để lên ngôi vô địch #VTVTheThao"
"Kết quả các trận đấu tại UEFA Nations League rạng sáng 19/11:Vắng Ronaldo, Bồ Đào Nha chia điểm trước Croatia dù có bàn thắng dẫn trướcTrong khi đó Tây Ban Nha có được chiến thắng đầy cảm xúc với bàn thắng trên chấm phạt đền ở những phút bù giờ"
"Hôm nay không còn VTV Cup nữa Chỉ còn lại những kỉ niệm, những kí ức đẹp và ngọt ngào!#VTVTheThao #VTVFerroliCup2024"
huấn luyện viên Ruben Amorim đã có mặt tại đại bản doanh của Manchester United
"Tại vòng bảng AFF Cup 2024, đội tuyển Timor Leste đăng ký sân Hàng Đẫy là sân nhà do nước này không có sân vận động đáp ứng điều kiện của Liên đoàn Bóng đá Đông Nam Á (AFF)"
Cặp đấu nào đáng chờ đợi nhất cuối tuần này?! #vtvthethao #premierLeague
"Thi đấu thắng hoa, Becamex Bình Dương giành chiến thắng thuyết phục trước Hoàng Anh Gia Lai"
"Vòng 5 VLeague, loạt trận 18h00 hôm nayThép Xanh Nam Định vs Công An Hà Nội (VTV5) SHB Đà Nẵng vs Hải Phòng"
"Vượt mặt Haaland và CR7, Gyokeres dẫn đầu danh sách Vua phá lưới Nations LeagueViktor Gyokeres đang là cái tên nổi bật nhất tại UEFA Nations League mùa giải 2024/25 khi dẫn đầu danh sách ghi bàn với 9 pha lập công, vượt qua Erling Haaland (7 bàn), Răzvan Marin (6 bàn) và Cristiano Ronaldo (5 bàn)"
"câu lạc bộ Công An Hà Nội tìm lại hương vị chiến thắng sau khi đánh bại đội bóng đất Võ với các pha lập công của Hugo Gomes, Alan và Đình Bắc"
"ĐT nữ Việt Nam giành vị trí Á quân tại giải giao hữu quốc tếTrước một ĐT nữ Trung Quốc đứng hạng 18 thế giới, ĐT nữ Việt Nam đã thi đấu đầy cố gắng Dù thất bại 02 nhưng các học trò của huấn luyện viên Mai Đức Chung có thêm bài học bổ íchVới kết quả này, ngôi vô địch thuộc về ĐT nữ Trung Quốc, đội giành được 6 điểm sau 2 lượt trận trong khi ĐT nữ Việt Nam giành ngôi Á quân còn ĐT nữ Uzbekistan giành hạng Ba"
Kết quả bốc thăm vòng tứ kết UEFA Nations League 2024/25
"ĐT Indonesia đối mặt tổn thất nghiêm trọng về lực lượng tại AFF Cup 2024Trong danh sách sơ bộ 33 cầu thủ mới được công bố, huấn luyện viên Shin Tae Yong chỉ điền tên 3 cầu thủ gốc Hà Lan là hậu vệ Justin Hubner (21 tuổi), tiền vệ Ivar Jenner (20 tuổi) và tiền đạo Rafael Struick (21 tuổi)Tuy nhiên, ĐT Indonesia đối diện nguy cơ thiếu vắng bộ ba cầu thủ gốc Hà Lan này tại AFF Cup 2024, do câu lạc bộ chủ quản của họ từ chối nhả người về thi đấu bởi AFF Cup không thuộc hệ thống thi đấu chính thứ… Xem thêm"
| Indonesia Nhật Bản Cơ hội dự World Cup 2026 của Indonesia lại càng mong manh hơn bao giờ hếtHiện tại đại diện Đông Nam Á đang xếp cuối bảng C với 3 điểm sau 5 trận và chưa có được trận thắng nào
"Messi gây tranh cãi ở giải The Best 2024Lionel Messi bất ngờ được xướng tên, trở thành cầu thủ duy nhất thi đấu ở giải ngoài châu Âu được góp mặt trong đề cử tranh The Best 2024 Những cái tên khác trong danh sách đề cử bao gồm Carvajal, Florian Wirtz, Bellingham, Mbappe, Kroos, Yamal, Rodri, Valverde, Vinicius và HaalandViệc Messi được đề cử ở giải FIFA The Best 2024 tiếp tục gây tranh cãi Siêu sao người Argentina có một năm thi đấu không thật sự thành công cùng Inter … Xem thêm"
"Bruno Fernandes có trận đấu thứ 250 trong màu áo Man Utd! Với đối thủ ưa thích của mình là Leicester City, cầu thủ người Bồ Đào Nha lập tức có được bàn thắng ngay trong hiệp 1 của trận đấu Ảnh | Bleacher Report"
"Quãng thời gian tạm quyền của Ruud van Nistelrooy có thể sẽ chưa kết thúc ngay, bởi Manchester United vẫn đang gặp khó khăn trong việc ký hợp đồng với huấn luyện viên mới"
"Chiều 17/11/2024, tại Nhà thi đấu Thể thao tỉnh Bắc Giang, Giải Cầu lông quốc tế LiNing Vietnam International Series 2024 đã diễn ra các trận đấu chung kếtTrong 5 nội dung thi đấu chung kết, tuyển Việt Nam tham gia tranh tài ở 2 nội dung là đôi nam nữ và đôi nam Kết quả là Việt Nam giành ngôi vô địch đôi nam nữ với sự góp mặt của bộ đôi Trần Đình Mạnh, Phạm Thị Khánh"
Đội bóng xứ Thanh giữ vững vị trí số 1 trên bảng xếp hạng khi tiếp tục giành trọn 3 điểmCâu lạc bộ bạn yêu thích đang đứng ở vị trí nào?
"Diaz lập hattrick, Liverpool dẫn đầu UEFA Champions League và ở Ngoại hạng Anh, đội chủ sân Anfield cũng đang dẫn đầu 10 ngày đáng quên của Real Madrid, thua Barca 40 tại Bernabeu, Vini không giành Quả bóng Vàng, và giờ đây là thua Milan 13 cũng tại Bernabeu Man City bị ngắt chuỗi 26 trận bất bại tại UEFA Champions League khi để thua Sporting tới 14 Ở phía bên kia, đó lại là lời chia tay đầy ngọt ngào của Rúben Amorim với đội bóng Bồ Đào Nha trước khi tới Man Utd"
Kết thúc hiệp 1: Arsenal 21 LiverpoolBạn dự đoán kết quả trận đấu này sẽ ntn?
Đội hình xuất phát trận đấu giữa câu lạc bộ Hồng Lĩnh Hà Tĩnh và câu lạc bộ Hoàng Anh Gia Lai trên sân vận động Hà Tĩnh
"Mới đây, giải Bóng chuyền nữ VĐQG đã tiếp tục diễn ra với các cuộc đối đầu kịch tính Bản lĩnh và phong độ xuất sắc đã giúp VTV Bình Điền Long An và Xi Măng Long Sơn Thanh Hóa giành quyền vào Bán kết #VTVTheThao"
"Robert Lewandowski trở thành cầu thủ thứ ba vượt mốc 100 bàn thắng tại Champions League Với cú đúp bàn thắng vào lưới Brest rạng sáng nay, Lewandowski trở thành cầu thủ thứ ba trong lịch sử ghi được từ 100 bàn thắng trở lên tại sân chơi Champions League Tiền đạo người Ba Lan xếp sau Lionel Messi (129 bàn) và Cristiano Ronaldo (140 bàn)Lúc này chỉ còn duy nhất Lewandowski là còn đang thi đấu tại Champions League nên về lý thuyết, anh hoàn toàn có thể cải thiện thứ hạng của mình"
"Bảng xếp hạng giải bóng chuyền Vô địch Quốc gia 2024 cúp Hoá chất Đức Giang tính đến hết ngày 10/11Thanh Hoá và VTV Bình Điền Long An là 2 đội bóng đầu tiên vào Bán Kết Trong khi 3 đội góp mặt trong nhóm trụ hạng là Geleximco Thái Bình, Quảng Ninh và Hà NộiNguồn: Liên đoàn bóng chuyền Việt Nam"
"Chúc mừng câu lạc bộ Đông Á Thanh Hoá xuất sắc giành cú đúp giải thưởng tháng 9 (từ vòng 1 đến vòng 5) VLeague 2024/25, cùng với đó là những giải thưởng cá nhân dành cho Geovane Magno (Cầu thủ xuất sắc nhất tháng) và Nguyễn Hai Long (Bàn thắng đẹp nhất tháng)Theo BTC"
Arsenal gọi nhưng chỉ có Man City trả lời … Ngôi đầu lại về tay Liverpool
"Hạ Australia với tỉ số 40, ĐT Futsal Thái Lan giành hang 3 chung cuộc giải vô địch Đông Nam Á 2024Trận chung kết giữa ĐT futsal Việt Nam và Indonesia sẽ diễn ra trong hơn 30 phút nữa mà thôi Cùng chờ đón tin vui từ thầy trò huấn luyện viên Diego Giustozzi"
Kết quả bốc thăm tứ kết Cúp Liên đoàn Anh đem đến cho MU một thử thách khó khăn Các trận tứ kết Cúp Carabao sẽ diễn ra vào giữa tháng 12 năm nay
Arsenal tiếp tục gây sức ép lên Liverpool trong cuộc đua vô địch khi hạ chủ nhà West Ham 52 với cả 7 bàn đều ghi ở hiệp một vòng 13 Ngoại hạng Anh
ĐỘI HÌNH RA SÂN CỦA MANCHESTER UNITED VS CHELSEA! Team Đỏ hay Team Xanh đây các bạn ơi?
"Bảng xếp hạng giải bóng chuyền nữ Vô địch Quốc Gia cúp Hoá chất Đức Giang 2024, tính đến hết ngày 8/11Theo: VFV"
Trận đấu giữa Fiorentina và Inter Milan đêm 1/12 bị dừng giữa chừng khi cầu thủ Edoardo Bove đột ngột bất tỉnh trên sân Cầu thủ này sau đó được đưa đến bệnh viện khẩn cấp để cấp cứuTheo thông báo của câu lạc bộ Fiorentina cho biết: Edoardo Bove đang được gây mê bằng thuốc và nhập viện trong phòng chăm sóc đặc biệt Bove đã đến bệnh viện trong tình trạng huyết động ổn định và các xét nghiệm tim mạch và thần kinh đầu tiên đã loại trừ tổn thương cấp tính ở hệ thần kinh trung ương … Xem thêm
"Trong khi câu lạc bộ Quảng Nam và câu lạc bộ Hà Nội bất phân thắng bại trong trận đấu trên sân Hoà Xuân thì trên sân Vinh, câu lạc bộ Thể CôngViettel đã có chiến thắng với cách biệt 5 bàn trước Sông Lam Nghệ An"
"Với truyền thống tôn sư trọng đạo của Việt Nam, nhiều thế hệ thể thao Việt Nam đã được những người thầy tận tâm phát hiện, tuyển chọn, đào tạo và dẫn dắt để đi tới vinh quang Có nhiều người cho đến giờ, tuổi thì đã có thể nghỉ hưu sau 1 thời gian dài cống hiến và thành công, vậy nhưng, vẫn ở đó hoàn thành tiếp công việc tiếp tục công cuộc trẻ hóa lực lượng, như huấn luyện viên Mai Đức Chung của ĐT Bóng đá nữ Việt NamVới những cống hiến bền bỉ cho bóng đá Việt Nam, huấn luyện viên Mai Đức Chung đ… Xem thêm"
Serie A đêm qua lạ lắm
"ĐT futsal nữ Việt Nam đã có khởi đầu suôn sẻ tại giải nữ futsal Đông Nam Á 2024 với chiến thắng 52 trước Myanmar 15h00 chiều mai (18/11), đội sẽ gặp tuyển nữ futsal Indonesia Ảnh | VFF"
Đội hình xuất phát màn so tài trên sân Hàng Đẫy giữa câu lạc bộ Công An Hà Nội và câu lạc bộ Quy Nhơn Bình Định
"Phía sau 1 bức ảnh, là: Chiến thắng đầu tiên trong lịch sử của ĐT Indonesia trước ĐT Saudi Arabia Lập kỷ lục điểm số của bóng đá Đông Nam Á tại vòng loại thứ 3 World Cup, dù vẫn còn 4 trận trước mắt … Xem thêm"
"Lịch thi đấu vòng 8 V League hôm nay, 15/11"
"Man Utd đè bẹp Leicester trong trận đấu cuối cùng mà huấn luyện viên Van Nistelrooy đảm nhận vai trò thuyền trưởng Ipswich Town gây bất ngờ khi có chiến thắng trước Tottenham ngay trên sân của đội bóng London, đây cũng là chiến thắng đầu tiên của đội bóng tân binh Ngoại hạng Anh mùa này Newcastle có màn lội ngược dòng giành chiến thắng trên sân của Nottingham Forrest"
Ngôi sao mới 20 tuổi Marselino Ferdinan tạo dáng ăn mừng như người mẫu sau chiến thắng lịch sử của IndonesiaBạn có nghĩ Indonesia sẽ có mặt tại World Cup sắp tới không?
"Bằng bàn thắng duy nhất của Ngọc Mỹ, Đông Á Thanh Hóa giành trọn vẹn 3 điểm trong chuyến làm khách trên sân Vinh của Sông Lam Nghệ An"
"Danh sách ĐT Tây Ban Nha | Vắng bóng Real MadridTrong bản danh sách triệu tập đội tuyển Tây Ban Nha được công bố mới đây, huấn luyện viên Luis de la Fuente không gọi bất cứ ngôi sao nào của Real MadridĐây là lần đầu tiên kể từ năm 2021, đội hình của La Roja thiếu vắng hoàn toàn sự góp mặt của các ngôi sao từ đội bóng Hoàng gia Tây Ban Nha"
"Một ngày trước trận tập huấn đầu tiên tại Hàn Quốc, huấn luyện viên Kim Sangsik đã nhận tin vui khi ông có đủ 100% lực lượng, bởi các ca chấn thương nhẹ, căng cơ đã bình phục hoàn toán #VTVTheThao #ĐTVN"
"Ban tổ chức SEA Games 33 vừa gửi công bố danh sách các môn thi đấu chính thức tới các nước trong khu vực Theo đó, đại hội gồm 53 môn thi đấu, trong đó có 50 môn tranh huy chương chính thức và 3 môn biểu diễn Đại hội sẽ diễn ra từ ngày 9 đến 20/12/2025 tại Thái Lan, đánh dấu lần đầu tiên nước này tổ chức SEA Games sau 18 năm/ #VTVTheThao #SEAGames"
"Tại Hàn Quốc, đội tuyển Việt Nam sẽ có 3 trận đấu tập với 3 câu lạc bộ được sắp xếp theo độ khó tăng dần nhằm phục vụ chuyên môn của ban huấn luyện #VTVTheThao #ĐTVN"
"Cách đây 1 tháng, huấn luyện viên Velizar Popov của Đông Á Thanh Hoá có nói 1 câu thế này: “Những học trò của tôi, có thể không phải những ngôi sao kiệt xuất, nhưng chúng tôi là 1 tập thể đoàn kết” Nói có sách, mách có chứng, Đông Á Thanh Hoá đang dẫn đầu VLeague, và cũng có 2 giải thưởng trong tháng 9 vừa qua"
Ngoại hạng Anh
"Sau 4 lượt trận, Liverpool đang dẫn đầu trên bảng xếp hạng với 12 điểm tuyệt đối Xếp sau họ là 4 đội bóng cùng có được 10 điểm, bao gồm Sporting Lisbon, Monaco, Brest và Inter Milan Các vị trí còn lại trong tốp 8 lần lượt thuộc về Barcelona, Borussia Dortmund và Aston Villa#VTVTheThao #UCL"
"Trong danh sách 26 cầu thủ tuyển Thái Lan được triệu tập cho ASEAN Cup 2024 không có sự góp mặt của các ngôi sao bóng đá Thái Lan như: Theerathon Bunmathan, Chanathip Songkrasin hay Teerasil Dangda #VTVTheThao #ASEANCUP2024"
"Trả lời họp báo sau trận hòa 33 của Man City trước Feyenoord, huấn luyện viên Pep Guardiola giải thích về những vết xước trên gương mặt của mình: À, tôi dùng tay cào cào thế này, dùng móng tay ấy Tôi muốn tự làm đau mình thôi"
"Sau vòng 10 Ngoại hạng Anh, Nottingham Forest đang đứng trên cả Arsenal trên bảng xếp hạng Premier League và chỉ chịu kém 2 ứng cử viên vô địch, 1 đội trong số đó họ đã đánh bại#VTVTheThao #NgoaihangAnh"
"Chiến thắng trên sân nhà trước câu lạc bộ Công An Hà Nội mới là trận thắng đầu tiên sau 6 vòng đấu của câu lạc bộ thành phố Hồ Chí Minh Một chiến thắng mang tính giải tỏa cho thầy trò huấn luyện viên Phùng Thanh Phương sau chuỗi trận đầy thất vọng vừa qua Song có thể thấy, đội chủ nhà đã có 1 trận đấu quả cảm trước câu lạc bộ Công An Hà Nội, đối thủ được đánh giá cao hơn từ lực lượng cho đến phong độ"
"FT | ĐT Việt Nam 20 Daegu FCVới pha lập công của Quang Hải và Hai Long, ĐT Việt Nam đã có chiến thắng 20 trước Daegu FC đến từ giải đấu KLeague 1 Như vậy đây đã là trận thắng thứ 2 c ủa thầy trò huấn luyện viên Kim Sang Sik trên đất Hàn"
"Tại vòng 7 VLeague vừa qua, trên sân nhà Pleiku Hoàng Anh Gia Lai đã có thắng lợi khá bất ngờ với tỉ số 10 trước ứng cử viên vô địch mùa này câu lạc bộ Công an Hà Nội Một chiến thắng đầy cảm xúc của các học trò huấn luyện viên Lê Quang Trãi nhưng để có được kết quả đó, HAGL cũng đã phải trả giá"
"Sau khi được chính thức lựa chọn trở thành huấn luyện viên trưởng của đội tuyển Anh, huấn luyện viên Thomas Tuchel cũng gánh vác trọng trách nặng nề đưa đội bóng xứ sở sương mù trở lại với cuộc đua vô địch tại World Cup 2026 Cũng bởi lẽ đó, vị chiến lược gia người Đức cũng đã nhận được khá nhiều ưu đãi từ Liên đoàn bóng đá Anh ngay từ khi nhậm chức #VTVTheThao"
"Trượt băng là môn thể thao khá đặc thù tại Việt Nam, khi ít sân băng để tập, chưa có huấn luyện viên chuyên nghiệp trong nước mà phải thuê huấn luyện viên nước ngoài Tất cả những yếu tố này khiến để theo đuổi đam mê trượt băng, đặc biệt là trượt băng nghệ thuật, người chơi đòi hỏi phải rất đam mê, kiên trì và tự đầu tư khá nhiều chi phí Tuy nhiên trên tất cả, điểm mừng cho bộ môn còn non trẻ này ở Việt Nam là đã có những VĐV quyết tâm theo trượt băng để lan toả bộ môn này cho lứa VĐV tiếp theo"
"Cách đây chưa lâu, bóng đá Việt Nam chào đón sự trở lại của câu lạc bộ Quảng Ninh sau 3 năm vắng bóng và bắt đầu hành trình từ giải hạng ba quốc gia năm nay Và đến thời điểm này, đội bóng này đã đón nhận những tín hiệu tích cực đầu tiên với việc thành công thăng hạng mùa tới"
4 cặp đấu đáng chờ đợi trong ngày hôm nay sẽ nối tiếp cho những diễn biến hấp dẫn của vòng 9 LPBank VLeague 1 2024/25Bạn dự đoán những đội bóng nào sẽ được hưởng niềm vui chiến thắng?
"huấn luyện viên Ruben Amorim vừa ký hợp đồng 2 năm rưỡi với MU để thay thế huấn luyện viên Erik ten Hag Ông chính thức tiếp quản đội bóng trong đợt tập trung ĐTQG tháng 11, sau thời gian ngắn huấn luyện viên tạm quyền Ruud van Nistelrooy dẫn dắt Sau nhiều thời gian chờ đợi, giờ người hâm mộ chuẩn bị được chứng kiến huấn luyện viên Amorim bước vào trận đầu tiên dẫn dắt Manchester United"
Chiều nay các trận đấu cuối cùng lượt đấu vòng tròn giải Bóng chuyền nam VĐQG sẽ diễn ra Tuy nhiên các đội góp mặt tại bán kết đã sớm được xác định sau lượt trận áp chót tối qua #VTVTheThao #bongchuyen
Ipswich Town nỗ lực tấn công và đã có được bàn thắng gỡ hòa 11 ở phút 43 sau siêu phẩm của Omari Hutchinson
"Harry Kane lập hattrick thứ 7, chạm mốc 50 bàn thắng nhanh nhất BundesligaHarry Kane đã ghi cả 3 bàn thắng trong chiến thắng 30 của Bayern Munich trước Augsburg ở trận đấu sớm nhất vòng 11 BundesligaCú hattrick thứ 7 mà Harry Kane ghi được kể từ khi chuyển đến thi đấu tại Bundesliga mang về cho anh bàn thắng thứ 14 ở mùa giải năm nay, củng cố vững chắc ngôi đầu danh sách Vua phá lưới sân cỏ ĐứcKhông những thế, tiền đạo người Anh còn chạm mốc 50 bàn thắng tại Bunde… Xem thêm"
"Bảng xếp hạng giải bóng chuyền VĐQG 2024 cúp Hoá chất Đức Giang tính đến hết ngày 11/11, 4 đội vào Bán Kết đã được xác định là Xi măng Long Sơn Thanh Hoá, VTV Bình Điền Long An, Hoá chất Đức Giang Lào Cai và LP Bank Ninh BìnhNguồn: VFV"
"Nam Định ngược dòng thắng kịch tính tại Cúp C2 châu ÁBị dẫn trước tới 2 bàn, thế nhưng Thép Xanh Nam Định đã có một trận đấu vô cùng quả cảm Lần lượt các pha lập công của Caio Cesar ở phút 57, Joseph Mpande ở phút 80 và pha ghi bàn quý hơn vàng của Lucas Silva ở phút 90+6 đã đem về 3 điểm cho thầy trò huấn luyện viên Vũ Hồng Việt Với 8 điểm có được, Thép Xanh Nam Định tiếp tục xếp thứ 2 bảng G, hơn câu lạc bộ Singapore 4 điểm, kém 2 điểm so với Bangkok Utd, rộng cửa giành vé vào vòng knockout"
Sự thật là Ronaldo đã ghi tới 450 bàn thắng kể từ khi bước qua tuổi 30 Con số này vượt xa số bàn thắng TRONG CẢ SỰ NGHIỆP của một số huyền thoại bóng đá
Đội hình xuất phát cuộc đọ sức trên sân Thiên Trường giữa câu lạc bộ Thép Xanh Nam Định và câu lạc bộ SHB Đà Nẵng
Tiến Linh vươn lên dẫn đầu danh sách cầu thủ ghi bàn khi tiếp tục nổ súng ở vòng 7 LPBank VLeague 1 2024/25
"Bàn thắng của Romelu Lukaku vào lưới đội bóng cũ AS Roma giúp Napoli cắt chuỗi trận toàn hòa và thua, qua đó đòi lại ngôi đầu Serie A từ tay AtalantaTính đến thời điểm hiện tại, Lukaku đã có 5 bàn thắng và 4 kiến tạo tại Serie A Dưới bàn tay huấn luyện viên Conte, Lukaku thực sự đang rất đáng sợ tại giải đấu hàng đầu Italia"
Chiến thắng sau màn rượt đuổi tỷ số kịch tính trên sân của Southampton giúp Liverpool tạo ra khoảng cách 8 điểm với đội nhì bảng
"Liverpool dưới triều đại Arne Slot tiếp tục chuỗi trận thăng hoa và thống trị Ngoại hang Anh với 28 điểm sau 11 vòng đấuCòn với Pep Guardiola, ông có lần thứ 2 trong sự nghiệp kể từ năm 2015 để thua tới 4 trận liên tiếp"
Pha lập công duy nhất của Châu Ngọc Quang giúp đội bóng phố Núi tìm lại niềm vui chiến thắng với 3 điểm trọn vẹn trước câu lạc bộ Công An Hà Nội
"Đá hỏng 1 quả penalty, thi đấu mờ nhạt trong trận thua Liverpool tại Anfield, Kylian Mbappe hứng chịu nhiều chỉ trích vì phong độ kém cỏi Tuy nhiên, huấn luyện viên Carlo Ancelotti và các đồng đội Real Madrid đã lên tiếng bảo vệ, nhấn mạnh niềm tin vào khả năng và sự nỗ lực của tiền đạo người Pháp"
Cristiano Ronaldo lập cú đúp vào lưới AlGharafa! Tổng số bàn thắng trong sự nghiệp cầu thủ của CR7 giờ đã là 912 bàn
"Lê Công Vinh có mặt trong đề cử danh sách “Huyền thoại Đông Nam Á”Mới đây, cựu tiền đạo Lê Công Vinh được Ban tổ chức giải ASEAN Mitsubishi Electric Cup™ 2024 đề cử vào danh sách ‘Huyền thoại Đông Nam Á’ cùng với 7 ngôi sao khác: Kiatisak Senamuang, Teerasil Dangda, Chanathip Songkrasin (Thái Lan), Noh Alam Shah, Khairuh Amri (Singapore), Bampang Pamungkas (Indonesia) và Safee Sali (Malaysia)"
"Bảng xếp hạng Europa League 2024/2025 mới nhất cập nhật sáng 29/11/2024, MU áp sát tốp 8 sau chiến thắng nhọc nhằn 32 trước Bodo Glimt#VTVTheThao"
"Sáng 14/11, đội tuyển Futsal Nữ Việt Nam lên đường sang thủ đô Manila (Philippines), nơi diễn ra giải Futsal Nữ Đông Nam Á 2024 từ ngày 17/11 đến 20/11#VTVthethao #DoituyenFutsalNuVietnam"
"Giành chiến thắng 20 trước Malaysia, ĐT Futsal Việt Nam tiến gần tấm vé dự vòng bán kết giải Futsal Đông Nam Á 2024 đang diễn ra ở Thái Lan Minh Quang và Thịnh Phát là những người lập công cho ĐT futsal Việt NamẢnh: VFF"
"Chúc mừng đội tuyển nữ futsal Việt Nam tiếp tục mạch thắng tại giải Vô địch futsal nữ ĐNA 2024 Với chiến thắng 50 trước Indonesia, đội tuyển nữ futsal Việt Nam đang có 6 điểm sau 2 trận đấu 18h00 chiều mai, đội sẽ gặp nữ Philippines"
"Hàng công bế tắc, câu lạc bộ Viettel bị ngắt chuỗi 2 trận toàn thắng sau trận hòa với tỷ số 00 trước đội chủ nhà Quảng Nam"
Sau một hồi đo đạc khá lâu thì VAR đã công nhận bàn thắng của Mikel Merino[21]
Manchester City đại bại trên sân nhà Đây là trận thua đậm nhất của MC trong suốt 7 năm qua
"Sau 13 năm, đội nam Biên Phòng đã có lại chiến thắng tại trận chung kết để vô địch và đứng vị trí số 1 quốc gia thuyết phục Hãy cùng đón đợi huấn luyện viên Trần Đình Tiền và chuyền 2 xuất sắc nhất giải Đinh Văn Duy đến từ câu lạc bộ Biên Phòng ở 360 độ thể thao tối nay trên VTV2#VVTTheThao"
"Jeonbuk Hyundai Motors 13 ĐT Việt Nam Ghi bàn: Nguyễn Quang Hải (8'), Đinh Thanh Bình (38'), Duy Mạnh (90') ĐT Việt Nam khép lại chuyến tập huấn tại Hàn Quốc với 3 trận toàn thắng … Xem thêm"
Đội hình xuất phát | Newcastle United vs Arsenal
"Công An Hà Nội vs Quy Nhơn Bình Định | 19h15 ngày 20/11 trực tiếp VTV5, VTVgo #VTVTheThao #VLeague"
"Với sự đầu tư mạnh tay từ cơ sở vật chất và hàng loạt các ngôi sao bổ sung vào đội hình, câu lạc bộ Phù Đổng Ninh Bình trở thành 1 trong những đội bóng đáng xem nhất giải hạng Nhất Quốc gia Sức sống bóng đá thực sự trở lại với nơi đây#VTVTheThao #NinhBinhFC"
Cuộc so găng tranh cãi bậc nhất lịch sử Huyền thoại quyền Anh 58 tuổi Mike Tyson sẽ thượng đài với YouTuber 27 tuổi Jake Paul trong trận đấu được xem là tranh cãi nhất lịch sử quyền Anh ngày 15/11 tới đây#VTVTheThao #MikeTyson #JakePaul
Barca trở lại với mạch thắng sau khi đánh bại Mallorca 51 AC MIlan có chiến thắng đậm 61 trước Sassuolo Bayern mất cơ hội có một danh hiệu mùa này khi thất bại 01 trước Leverkusen ở vòng 1/8 Cúp Quốc gia Đây là trận đấu thủ môn Neuer nhận thẻ đỏ ngay phút 17 và 10 người của đội bóng Bavaria đã không thể chống cự trước 11 gương mặt của đội khách Leicester City đã có chiến thắng quan trọng cùng huấn luyện viên Ruud van Nistelrooy
Vòng 3 FA Cup: Lá thăm duyên nợ lại đưa Arsenal và Manchester United đến với nhau
"Bóng đá châu Âu sẽ tiếp tục sôi động vào rạng sáng mai với các trận đấu tại Europa League Manchester United đang cho thấy dấu hiệu hồi sinh sau khi chia tay huấn luyện viên Erik ten Hag, và mục tiêu của họ giờ đây là giành chiến thắng đầu tiên ở đấu trường châu lục #VTVTheThao"
Thép Xanh Nam Định đang thi đấu tốt tại đấu trường châu lục với chiến thắng kịch tính trước Tampines Rovers trên sân nhà Một trong những cái tên chơi ấn tượng nhất đó chính là trung vệ Lucas Anh đã chứng minh rằng huấn luyện viên Vũ Hồng Việt dù sở hữu tới 8 cầu thủ gốc ngoại trong đội hình nhưng vị trí của anh thực sự là không thể thay thế lúc này
"Manchester United đã có dịp kiểm chứng trình độ của huấn luyện viên Ruben Amorim khi ông giúp Sporting Lisbon thắng Manchester City 41 vào hôm qua Tuy nhiên, khi dẫn dắt Manchester United, nhà cầm quân người Bồ Đào Nha cũng sẽ phải đối mặt với không ít thách thức#VTVTheThao #Amorim #MU #ManUtd"
Cristiano Ronaldo và Lionel Messi là hai cầu thủ hiếm hoi không thi đấu tại châu Âu có tên trong danh sách đề cử Đội hình tiêu biểu FIFPro 2024 Ronaldo và Messi lần lượt thi đấu cho Al Nassr (Saudi Arabia) và Inter Miami (Mỹ) Cả hai có dấu ấn đậm nét ở câu lạc bộ chủ quản và xuất hiện trong danh sách đề cử năm nay #VTVTheThao
"Cuối tuần này, ở vòng 6 giải VĐQG Vleague 2024, câu lạc bộ thành phố Hồ Chí Minh sẽ có chuyến làm khách tại Nghệ An Cả 2 đội đều đã không thắng ở 5 trận đấu gần nhất tại Vleague và cả cup quốc gia Với thầy trò huấn luyện viên Phùng Thanh Phương, đây tiếp tục một thử thách không nhỏ khi Sông Lam An Nghệ An cũng khát điểm để thoát khỏi vị trí cuối bảng"
"Bên cạnh VLeague thì cuối tuần này còn khởi tranh giải hạng Nhất Quốc gia và chưa khi nào giải đấu này lại có 1 hiệu ứng lớn đến vậy Các ngôi sao của đội tuyển Quốc gia như Hoàng Đức, Văn Lâm hay Công Phượng về thi đấu Số khán giả đến sân tại hạng Nhất thậm chí ngang ngửa hay còn hơn 1 số trận tại VLeague Và trên cả nước, cũng có nhiều cổ động viên hôm qua mới xem trực tiếp trận hạng nhất đầu tiên Giải đấu được quan tâm hơn và từ đó cũng bộc lộ nhiều vấn đề đã tồn tại nhiều năm nay"
Tỉ lệ chiến thắng của các huấn luyện viên thời hậu Sir Alex FergusonẢnh Bleacher Report
"Bảng xếp hạng vòng bảng Champions League sau 5 lượtLiverpool là đội đầu tiên vượt qua vòng bảngVới việc có 24 suất đi tiếp, ngay cả những đội thua 5 trận cũng vẫn còn cơ hội… Xem thêm"
Liệu Indonesia có làm nên bất ngờ trước Saudi Arabia?!
Đội hình tiêu biểu vòng 4 UEFA Champions League>>> Bạn đánh giá thế nào về đội hình này?#VTVTheThao #UCL
16 đội bóng giành quyền tham dự AFC U17 Asian Cup 2025 tại Saudi Arabia! Trong số 16 đội dự VCK U17 châu Á 2025 có 3 đại diện của bóng đá Đông Nam Á đã giành được suất tham dự: U17 Thái Lan U17 Việt Nam… Xem thêm
"ĐT Việt Nam hội quân chuẩn bị cho ASEAN CupHôm nay (21/11), đội tuyển Việt Nam hội quân chính thức bước vào đợt tập trung quan trọng để chuẩn bị cho giải vô địch Đông Nam Á – ASEAN Mitsubishi Electric Cup 2024"
"Đêm nay rạng sáng mai UEFA Champions League sẽ chính thức trở lại với trận đấu được chú ý là màn đọ sức giữa Bayern Munich và PSG Trước thềm trận đấu, cả 2 câu lạc bộ đều đang tỏ rõ quyết tâm chiến thắng của mình để cải thiện vị trí trên bảng xếp hạng #VTVTheThao #championsleague"
Arsenal và Liverpool chia điểm tại Emirates
"Giải Marathon Quốc tế Di sản Hạ Long (Halong Bay Heritage Marathon) là một trong những sự kiện thể thao lớn trong năm tại Hạ Long (Quảng Ninh), từng thu hút hàng ngàn vận động viên (VĐV) từ khắp nơi đến tham gia Với đường chạy trải dài ven biển tuyệt đẹp, Halong Bay Heritage Marathon năm nay sẽ mang đến trải nghiệm hòa mình với thiên nhiên, là cung đường không thể bỏ lỡ của cộng đồng yêu chạy bộ"
Thể Công Viettel vs Đông Á Thanh Hóa | 19h15 ngày 15/11 trực tiêp VTV5 và ứng dụng VTVgo
"Amorim có khởi đầu không như ý tại Ngoại hạng AnhHành quân tới sân của Ipswich, Man Utd dù có được bàn thắng từ phút thứ 2 nhưng vẫn không thể ra về với trọn vẹn 3 điểm Thậm chí các học trò của tân huấn luyện viên Amorim còn thi đấu khá lép vế trước đội bóng mới lên hạng mùa này"
"Trận đấu kết thúc! Futsal Việt Nam 02 Futsal IndonesiaĐT Futsal Việt Nam đành chấp nhận ngôi vị Á quân tại giải Futsal Đông Nam Á Trong khi đó, chức vô địch thuộc về Futsal IndonesiaNhư vậy, Futsal Việt Nam vẫn chưa thể có lần đầu tiên lên ngôi tại giải đấu Futsal Đông Nam Á … Xem thêm"
"Chiều nay, tham vọng của Đông Á Thanh Hóa sẽ bị thách thức bởi Thể Công Viettel Đội bóng ngành quân đội hiện xếp hạng 5 với 12 điểm, và cũng đứng trước cơ hội để vươn lên chiếm ngôi đầu VLeague nếu đánh bại được thầy trò ông Popov"
"Lịch thi đấu của Futsal nữ Việt Nam tại Futsal Đông Nam Á 2024ĐT nữ Futsal Việt Nam đã sẵn sàng tranh tài ở giải Futsal Đông Nam Á 2024, nơi chúng ta sẽ đối đầu với Indonesia và Thái Lan ngay tại vòng bảng#VTVTheThao #Futsal"
"3 cuộc đọ sức trong ngày hôm nay (9/11) sẽ mở đầu cho những diễn biến đáng chờ đợi của vòng 7 LPBank VLeague 1 2024/25Theo bạn, những cái tên nào sẽ có trọn 3 điểm?"
câu lạc bộ Công An Hà Nội vươn lên vị trí số 1 sau chiến thắng ấn tượng trước SHB Đà NẵngCuộc đua tranh căng thẳng khi khoảng cách của các đội xếp ở nửa trên bảng xếp hạng chỉ là 2 điểm#VTVTheThao #VLeague
Đội hình ra sân màn đọ sức trên sân Hàng Đẫy giữa câu lạc bộ Thể CôngViettel và câu lạc bộ Đông Á Thanh Hoá
Rất nhanh Liverpool đã có câu trả lời với bàn thắng của Van Dijk
"Một trong những trận đấu đáng chú ý nhất vòng 7 VLeague cuối tuần này là cuộc đọ sức trên sân Mỹ Đình giữa Thể CôngViettel và Hồng Lĩnh Hà Tĩnh Cả 2 đội đều đang có phong độ tốt và đứng trong nhóm dẫn đầu Trước khi bước vào trận đấu này, Thể Công Viettel gặp khá nhiều vấn đề ở hàng tấn công, nhưng họ đã có lý do để tự tin"
Cristiano Ronaldo lại lập cú đúp! 5 bàn thắng sau 3 trận trên mọi đấu trường 15 bàn sau 18 trận mùa này cho Al Nassr 915 bàn thắng trong sự nghiệp… Xem thêm
"Là một trong những VĐV lứa đầu tiên của môn Trượt băng nghệ thuật ở Việt Nam, Nguyễn Linh Chi đã tham gia và giành được nhiều HCV, HCB tại các cuộc thi trượt băng nghệ thuật trong nước và quốc tế Để có được thành công như ngày hôm nay, Linh Chi đã phải vượt qua rất nhiều khó khăn, thách thức"
"Với yêu cầu bảo mật chiến thuật, những video bàn thắng của ĐT Việt Nam trong đợt tập huấn tại Hàn Quốc đã không được công bố Tất cả những gì chúng ta có là đội hình ra sân và cách sắp xếp của huấn luyện viên Kim Sangsik trong 3 trận đấu tập vừa qua Hãy cùng phân tích 2 bộ khung đang được huấn luyện viên người Hàn Quốc xây dựng"
"Trong lần đầu tiên Van Nistelrooy tạm quyền dẫn dắt, MU đã vùi dập Leicester 52 tại cúp Liên đoàn AnhArsenal và Liverpool cũng đã có chiến thắng trước các đối thủ yếu hơn để giành quyền đi tiếp Trong khi đó, với đội hình 2, Man City đã gục ngã trước chủ nhà Tottenham Cũng dừng bước sớm tại cúp Liên Đoàn là Chelsea sau thất bại 02 trước Newcastle"
Liverpool năm nay là một sự khác biệt!!!
"Sau trận thua trước Jake Paul, huyền thoại Mike Tyson khẳng định ông sẽ không dừng lại Tôi không nghĩ đây là trận đấu cuối cùng của mình Đối thủ tiếp theo của tôi có thể là anh trai của cậu ta (Logan Paul) Trong trận đấu diễn ra tại sân vận động AT&T (Dallas, Mỹ) vào trưa nay (theo giờ Việt Nam), võ sĩ huyền thoại Mike Tyson (58 tuổi) đã thất bại trước YouTuber Jake Paul (27 tuổi) Sau trận đấu, Jake Paul đã nhận được 40 triệu USD tiền thưởng Trong khi đó, dù thua cu… Xem thêm"
"Sáng 24/11, đội tuyển Việt Nam đã có buổi rèn thể lực tại sân cỏ nhân tạo thuộc Smart AirDome Gyeong Ju – sân vận động mái vòm hiện đại nhất của Hàn Quốc, mới được đưa vào sử dụng hồi tháng 4 năm 2023Đúng như tên gọi Smart AirDome – Mái vòm thông minh, sân được bao phủ bởi vòm che kín khổng lồ tích hợp hệ thống sưởi ấm, làm mát và luân chuyển không khí rất hiện đại Nhờ công nghệ này, nhiệt độ trong sân luôn đảm bảo ở 26 độ C vào mùa hè và 18 độ C vào mùa đông, với độ ẩm đư… Xem thêm"
"Trong đợt FIFA Day vừa rồi, ĐTVN không đá trận giao hữu nào nhưng vẫn tăng được tới 3 hạng lên vị trí 116 trên bảng xếp hạng FIFA Không chỉ thăng tiến về thứ hạng, đội tuyển Việt Nam cũng đang cho thấy được sự ổn định trong quá trình chuẩn bị ASEAN Cup 2024 khi giành được thắng lợi thứ 2 liên tiếp trong chuyến tập huấn tại Hàn Quốc #VTVTheThao #ĐTVN"
Cập nhật kết quả vòng 9 VLeague 2024/2025 câu lạc bộ Đông Á Thanh Hoá giành chiến thắng tối thiểu trước đội bóng sông Hàn với pha lập công trên chấm 11m của Luiz Antonio Những nỗ lực trong hiệp 2 là không đủ để đội bóng đất Thủ cản bước được câu lạc bộ Thép Xanh Nam Định với màn trình diễn xuất sắc của Xuân Son… Xem thêm
Kết quả UEFA Nations League rạng sáng nay: Bồ Đào Nha và Tây Ban Nha cùng giành 3 điểm!
"Về thống kê đối đầu, Manchester United vẫn đang hơn Chelsea Theo bạn, sau trận đấu hôm nay đội nào sẽ nâng cao được thành tích của mình?Ảnh: Onefootball"
Đội hình ra sân màn đọ sức giữa chủ nhà câu lạc bộ Quy Nhơn Bình Định và câu lạc bộ Hải Phòng
Trận đấu giữa Fiorentina và Inter Milan tại vòng 14 Serie A đã bị tạm hoãn ở phút 17 sau khi cầu thủ Edoardo Bove của Fiorentina đột quỵ ngay trên sân Cầu chúc cho Edoardo Bove được bình an
"NÓNG!!! Không còn cơ hội nào khác, MU sa thải Ten Hag"
"Ngày 25/11 tiếp tục là một ngày hoạt động với công suất cao của đội tuyển Việt Nam trong đợt luyện quân tại Hàn Quốc Sau phần bổ trợ về sức mạnh và tăng cường cơ bắp trong phòng gym vào buổi sáng, toàn đội đã trải qua gần hai tiếng rèn đấu pháp với yêu cầu ngày càng khắt khe hơn từ huấn luyện viên trưởng Kim Sang SikTại buổi tập chiều 25/11, 3 cầu thủ gồm Văn Thanh, Thành Chung và Đình Bắc đã trở lại tập luyện bình thường cùng các đồng đội Trong khi đó, Quang Hải vẫn phải tập hồi ph… Xem thêm"
"Trong những năm qua, khoa học công nghệ đóng 1 phần không nhỏ trong sự phát triển của thể thao Ở Việt Nam, thật bất ngờ, khi ở các trung tâm đào tạo VĐV quốc gia, thì chỉ có Trường Đại học TDTT Từ Sơn, Bắc Ninh là có viện khoa học công nghệ thể thao Điều này đã giúp ích rất nhiều cho các VĐV, huấn luyện viên nơi đây nâng cao thành tích #VTVTheThao"
"Thiếu vắng nhiều nhân tố chủ chốt nhưng ĐT Anh vẫn đòi nợ thành công Hy Lạp, với chiến thắng 30 ngay trên sân khách ở UEFA Nations LeagueTrong khi đó, Pháp, Italia trở thành các đội tuyển tiếp theo giành vé vào vòng tứ kết #UEFANationsLeague"
"FT: Hồng Lĩnh Hà Tĩnh 10 Hoàng Anh Gia Lai | Vòng 8 VLeague 2024/25Bàn thắng duy nhất của Viktor Le giúp Hồng Lĩnh Hà Tĩnh vượt qua Hoàng Anh Gia Lai, qua đó tiếp tục duy trì phong độ rất ổn định trong mùa giải này và vươn lên cùng điểm số với đội đầu bảng Đông Á Thanh Hóa"
"Cũng 3x tuổi mà ad bụng 1 múi à ko 1 mớ, còn Ronaldo thì"
"Sau khi giành Quả bóng Vàng 2024, Rodri đã gửi những lời tri ân đến những huyền thoại của Tây Ban Nha: Ngày hôm nay không chỉ là chiến thắng của tôi, nó còn là chiến thắng của bóng đá Tây Ban Nha Danh hiệu này dành cho những cầu thủ chưa thắng giải dù họ xứng đáng như Xavi, Andres Iniesta, Iker Casillas và Sergio Busquets Giải thưởng này của tôi vinh danh bóng đá Tây Ban Nha Rodri trở thành người Tây Ban Nha đầu tiên giành giải thưởng này sau 64 năm kể từ khi huyền thoạ… Xem thêm"
"Đội tuyển Campuchia sẽ có 6 sự bổ sung nhân sự chất lượng theo dạng nhập tịch cùng 2 cầu thủ mang dòng máu Campuchia để chuẩn bị cho ASEAN Cup 2024, bao gồm: 6 Cầu thủ nhập tịch Yudai Ogawa (Nhật Bản) Hikaru Mizuno (Nhật Bản) Ta… Xem thêm"
"Một buổi tối có rất nhiều bàn thắng tại giải Ngoại hạng Anh, trừ trận Everton BrentfordHy vọng trận Tottenham Man City cũng sẽ có nhiều bàn thắng"
Kết quả một số trận đấu đáng chú ý tại Champions League rạng sáng nayReal Madrid thiếu vắng hàng loạt trụ cột đã không thể tạo bất ngờ trước một Liverpool đang có phong độ caoBorrusia Dortmund thắng cách biệt tại Croatia… Xem thêm
"Tô Văn Vũ, Bùi Vỹ Hào, Nguyễn Đình Triệu và các cầu thủ Bắc, Trung, Nam gửi lời chúc mừng ngày Nhà giáo Việt Nam 20/11 #VTVTheThao #VLeague #NgayNhaGiaoVietNam"
Trọng tài Ngoại hạng Anh lộ clip nói lời khiếm nhã và thể hiện sự căm ghét với Liverpool và huấn luyện viên Jurgen Klopp khiến cơ quan phụ trách trọng tài Anh (PGMOL) phải vào cuộc điều tra ngay lập tức: “David Coote đã bị đình chỉ công tác ngay lập tức trong khi chờ đợi kết quả điều tra đầy đủ PGMOL sẽ không đưa ra bình luận thêm cho đến khi quá trình này hoàn tất”Lúc này thì đoạn clip đang gây xôn xao trên mxh và CĐV của Liverpool đã liệt kê ra hàng loạt các quyết định bất lợi cho… Xem thêm
"Vinicius chói sáng, niềm vui chiến thắng trở lại với Bernabeu… nhưng không trọn vẹn khi bộ đôi Brazil Rodrygo và Militao rời sân sớm trong nước mắt vì chấn thương"
"1 trong những trận đấu tâm điểm chiều nay ở vòng 6 giải VĐQG VLeague 24/25 chính là cuộc đọ sức giữa câu lạc bộ Đông Á Thanh Hoá và câu lạc bộ Hà Nội Một đội đang phong độ cao, còn một đội đang cố gắng tìm lại sức mạnh của mình"
"Sau nhiều trận liền bị dẫn bàn đều ngược dòng thành công, nhưng tối qua, Man City đã chịu khuất phục trước Bournemouth và mất mạch 32 trận bất bại ở Ngoại hạng Anh Trong danh sách thống kê thì kỷ lục mạch bất bại dài nhất tại Premier League vẫn đang thuộc về Arsenal"
"Chính Ronaldo là cầu thủ đã mở tỉ số cho đội khách ở 46, đồng thời cũng là mở màn cho 1 hiệp 2 bùng nổ bàn thắng, và cũng chính Ronaldo là người ghi bàn thắng thứ 3, giúp Al Nassr dẫn trước 30, xen giữa là pha lập công của Angelo#VTVTheThao"
FT: Man Utd 11 ChelseaThe Blues lại thêm 1 lần nữa không thể giành chiến thắng trên sân Old Trafford
Chiều nay vòng 9 V League sẽ diễn ra Ngoài lịch thi đấu khá dày ảnh hưởng đến thể lực của các cầu thủ thì thêm vào đó vòng đấu này cũng chứng kiến nhiều đội bóng gặp thêm cả bất lợi về các án phạt cấm thi đấu
Những cặp đấu hấp dẫn trong ngày thi đấu thứ 2 tại vòng 6 LPBank VLeague 1 2024/25Hồng Lĩnh Hà Tĩnh và Hoàng Anh Gia Lai liệu có thể tiếp tục duy trì chuỗi trận bất bại của mình?
"Man Utd nhanh chóng có huấn luyện viên mới!Chuyên gia săn tin chuyển nhượng Fabrizio Romano cho biết Sporting Lisbon xác nhận việc Man Utd trả 10 triệu euro để giải phóng hợp đồng cho huấn luyện viên Ruben Amorim Nhà cầm quân 39 tuổi sẽ chính thức trở thành huấn luyện viên trưởng của đội chủ sân Old Trafford trong ít giờ tớiTrước đó, Ruben Amorim được cho là đã đồng ý với lời đề nghị từ Man Utd về lương bổng và kế hoạch phát triển đội bóng Vị chiến lược gia người Bồ Đào Nha sẽ sớm có mặt tại sân Old Traf… Xem thêm"
Kết quả vòng 8 VLeague ngày 14/11 câu lạc bộ Quy Nhơn Bình Định giành trọn 3 điểm trên sân nhà trước thầy trò huấn luyện viên Chu Đình Nghiêm Thầy trò huấn luyện viên Lê Đức Tuấn vượt qua Becamex Bình Dương trên sân nhà với pha lập công duy nhất của Hai Long
Kết quả Champions League hôm nay 7/11: Barca thắng lớn 52 trước Sao Đỏ Belgrade trong khi PSG thua ngược Atletico bởi tình huống bị thủng lưới ở phút bù giờ cuối cùng#VTVTheThao #UCL
"Cuối tuần này, các giải VĐQG sẽ trở lại sau loạt trận của ĐTQG, và đây cũng là thời điểm để các câu lạc bộ bước vào giai đoạn quan trọng trong cuộc đua vô địch ở mùa giải này Tại nước Anh, câu lạc bộ Manchester United đang đón chờ trận đấu đầu tiên cùng huấn luyện viên mới Ruben Amorim, và liệu đội bóng này sẽ có được khởi đầu như thế nào cùng vị chiến lược gia người Bồ Đào Nha này#VTVTheThao"
